ID;PP global;SE global;N global;f global;Scala Diagnose;PP Diagnose;SE Diagnose;N Diagnose;f Diagnose;alle Skalen;alle PP
P000000;-4,14;0,81;6;0;Sim/A/A02;-3,06;0,78;3;0;;
P000001;3,77;0,65;6;1;;;;;;;
P000002;1,6;0,34;5;0,6;;;;;;Sim/B/B02 ;1,5 (0,63 | 2 | 0) 
P000003;1,01;0,21;6;0,5;Sim/B/B03;0,9;0,3;3;0,33;Sim/A/A02 Sim/B/B03 ;0,95 (0,46 | 1 | 0) 0,9 (0,3 | 3 | 0,33) 
P000004;3,77;0,65;6;1;;;;;;;
P000005;-3,04;0,57;6;0,17;Sim/A/A02;-3,12;0,9;3;0;Sim/A/A02 Sim/A/A06 Sim/B/B01 ;-3,12 (0,9 | 3 | 0) -3,04 (137,96 | 1 | 0) -3,04 (1648,51 | 1 | 0) 
P000006;-1,37;0,24;6;0,5;Sim/A/A02;-1,49;0,3;3;0,67;Sim/A/A02 Sim/A/A06 Sim/B/B01 ;-1,49 (0,3 | 3 | 0,67) -1,37 (1,37 | 1 | 0) -1,37 (11,45 | 1 | 0) 
P000007;-4,14;0,81;6;0;Sim/A/A02;-3,06;0,78;3;0;;
P000008;-0,17;0,22;4;0,5;;;;;;Sim/A/A04 Sim/B/B01 ;-0,36 (0,64 | 1 | 0) -0,22 (0,45 | 1 | 0) 
P000009;-2,09;0,33;6;0,33;Sim/A/A02;-2,16;0,4;3;0,33;Sim/A/A02 Sim/A/A06 Sim/B/B01 ;-2,16 (0,4 | 3 | 0,33) -2,09 (9,77 | 1 | 0) -2,09 (96,87 | 1 | 0) 
P000010;-4,14;0,81;6;0;Sim/A/A02;-3,06;0,78;3;0;;
P000011;-4,14;0,81;6;0;Sim/A/A02;-3,06;0,78;3;0;;
P000012;-4,14;0,81;6;0;Sim/A/A02;-3,06;0,78;3;0;;
P000013;-4,14;0,81;6;0;Sim/A/A02;-3,06;0,78;3;0;;
P000014;-3,04;0,57;6;0,17;Sim/A/A02;-3,12;0,9;3;0;Sim/A/A02 Sim/A/A06 Sim/B/B01 ;-3,12 (0,9 | 3 | 0) -3,04 (137,96 | 1 | 0) -3,04 (1648,51 | 1 | 0) 
P000015;-1,54;0,22;6;0,33;Sim/A/A02;-1,77;0,28;3;0,33;Sim/A/A02 Sim/A/A06 Sim/B/B01 ;-1,77 (0,28 | 3 | 0,33) -1,55 (2,19 | 1 | 0) -1,54 (19,32 | 1 | 0) 
P000016;-4,14;0,81;6;0;Sim/A/A02;-3,06;0,78;3;0;;
P000017;-3,04;0,57;6;0,17;Sim/A/A02;-3,12;0,9;3;0;Sim/A/A02 Sim/A/A06 Sim/B/B01 ;-3,12 (0,9 | 3 | 0) -3,04 (137,96 | 1 | 0) -3,04 (1648,51 | 1 | 0) 
P000018;-0,47;0,18;5;0,4;;;;;;Sim/B/B01 Sim/B/B02 Sim/C/C01 ;-0,48 (0,84 | 1 | 0) -0,52 (0,38 | 1 | 0) -0,51 (0,42 | 1 | 0) 
P000019;1,6;0,34;5;0,6;;;;;;Sim/B/B02 ;1,5 (0,63 | 2 | 0) 
P000020;0,17;0,19;6;0,67;;;;;;Sim/B/B01 ;-0,08 (0,36 | 1 | 0) 
P000021;-4,14;0,81;6;0;Sim/A/A02;-3,06;0,78;3;0;;
P000022;-4,14;0,81;6;0;Sim/A/A02;-3,06;0,78;3;0;;
P000023;3,77;0,65;6;1;;;;;;;
P000024;1,6;0,34;5;0,6;;;;;;Sim/B/B02 ;1,5 (0,63 | 2 | 0) 
P000025;3,77;0,65;6;1;;;;;;;
P000026;-1,94;0,23;6;0,17;Sim/A/A02;-1,9;0,25;3;0,33;Sim/A/A04 Sim/A/A06 Sim/B/B01 ;-1,97 (0,62 | 1 | 0) -1,94 (6,51 | 1 | 0) -1,94 (62,71 | 1 | 0) 
P000027;1,6;0,34;5;0,6;;;;;;Sim/B/B02 ;1,5 (0,63 | 2 | 0) 
P000028;0,97;0,2;6;0,5;Sim/B/B03;1,07;0,23;4;0,5;Sim/B/B01 ;0,53 (0,54 | 2 | 0,5) 
P000029;2,36;0,35;6;0,67;;;;;;Sim/B/B04 ;2,28 (0,58 | 2 | 0) 
P000030;-3,04;0,57;6;0,17;Sim/A/A02;-3,12;0,9;3;0;Sim/A/A02 Sim/A/A06 Sim/B/B01 ;-3,12 (0,9 | 3 | 0) -3,04 (137,96 | 1 | 0) -3,04 (1648,51 | 1 | 0) 
P000031;-3,04;0,57;6;0,17;Sim/A/A02;-3,12;0,9;3;0;Sim/A/A02 Sim/A/A06 Sim/B/B01 ;-3,12 (0,9 | 3 | 0) -3,04 (137,96 | 1 | 0) -3,04 (1648,51 | 1 | 0) 
P000032;-0,54;0,22;6;0,67;;;;;;Sim/A/A06 Sim/B/B01 ;-0,77 (0,26 | 2 | 0,5) -0,55 (1,03 | 1 | 0) 
P000033;-3,04;0,57;6;0,17;Sim/A/A02;-3,12;0,9;3;0;Sim/A/A02 Sim/A/A06 Sim/B/B01 ;-3,12 (0,9 | 3 | 0) -3,04 (137,96 | 1 | 0) -3,04 (1648,51 | 1 | 0) 
P000034;-0,29;0,18;6;0,5;;;;;;Sim/B/B01 Sim/C/C01 ;-0,31 (0,55 | 1 | 0) -0,36 (0,35 | 1 | 0) 
P000035;-4,14;0,81;6;0;Sim/A/A02;-3,06;0,78;3;0;;
P000036;2,36;0,35;6;0,67;;;;;;Sim/B/B04 ;2,28 (0,58 | 2 | 0) 
P000037;-3,04;0,57;6;0,17;Sim/A/A02;-3,12;0,9;3;0;Sim/A/A02 Sim/A/A06 Sim/B/B01 ;-3,12 (0,9 | 3 | 0) -3,04 (137,96 | 1 | 0) -3,04 (1648,51 | 1 | 0) 
P000038;0,87;0,2;6;0,67;;;;;;Sim/A/A02 Sim/B/B03 ;0,84 (0,53 | 1 | 0) 0,81 (0,27 | 2 | 0,5) 
P000039;-2,53;0,28;6;0,17;Sim/A/A02;-2,16;0,4;3;0,33;Sim/A/A05 Sim/A/A06 Sim/B/B01 ;-2,67 (0,44 | 1 | 0) -2,53 (33,94 | 1 | 0) -2,53 (367,56 | 1 | 0) 
P000040;3,77;0,65;6;1;;;;;;;
P000041;3,07;0,31;6;0,83;;;;;;Sim/C/C10 ;3 (0,52 | 1 | 0) 
P000042;-1,18;0,22;5;0,4;;;;;;Sim/A/A04 Sim/A/A06 Sim/B/B01 ;-1,33 (0,3 | 2 | 0,5) -1,19 (0,85 | 1 | 0) -1,18 (6,49 | 1 | 0) 
P000043;2,36;0,35;6;0,67;;;;;;Sim/B/B04 ;2,28 (0,58 | 2 | 0) 
P000044;2,36;0,35;6;0,67;;;;;;Sim/B/B04 ;2,28 (0,58 | 2 | 0) 
P000045;0,7;0,19;5;0,6;;;;;;Sim/B/B03 ;0,27 (0,55 | 2 | 0) 
P000046;-3,04;0,57;6;0,17;Sim/A/A02;-3,12;0,9;3;0;Sim/A/A02 Sim/A/A06 Sim/B/B01 ;-3,12 (0,9 | 3 | 0) -3,04 (137,96 | 1 | 0) -3,04 (1648,51 | 1 | 0) 
P000047;-1,37;0,24;6;0,5;Sim/A/A02;-1,49;0,3;3;0,67;Sim/A/A02 Sim/A/A06 Sim/B/B01 ;-1,49 (0,3 | 3 | 0,67) -1,37 (1,37 | 1 | 0) -1,37 (11,45 | 1 | 0) 
P000048;-3,04;0,57;6;0,17;Sim/A/A02;-3,12;0,9;3;0;Sim/A/A02 Sim/A/A06 Sim/B/B01 ;-3,12 (0,9 | 3 | 0) -3,04 (137,96 | 1 | 0) -3,04 (1648,51 | 1 | 0) 
P000049;1,9;0,32;6;0,67;Sim/B/B02;1,87;0,35;3;0,33;Sim/B/B02 ;1,87 (0,35 | 3 | 0,33) 
P000050;1,6;0,34;5;0,6;;;;;;Sim/B/B02 ;1,5 (0,63 | 2 | 0) 
P000051;3,77;0,65;6;1;;;;;;;
P000052;3,77;0,65;6;1;;;;;;;
P000053;0,33;0,23;4;0,5;;;;;;Sim/B/B03 Sim/C/C03 ;0,3 (0,58 | 1 | 0) 0,27 (0,45 | 1 | 0) 
P000054;3,07;0,31;6;0,83;;;;;;Sim/C/C10 ;3 (0,52 | 1 | 0) 
P000055;2,36;0,35;6;0,67;;;;;;Sim/B/B04 ;2,28 (0,58 | 2 | 0) 
P000056;1,6;0,34;5;0,6;;;;;;Sim/B/B02 ;1,5 (0,63 | 2 | 0) 
P000057;0,7;0,19;5;0,6;;;;;;Sim/B/B03 ;0,27 (0,55 | 2 | 0) 
P000058;1,6;0,34;5;0,6;;;;;;Sim/B/B02 ;1,5 (0,63 | 2 | 0) 
P000059;1,01;0,21;6;0,5;Sim/B/B03;0,9;0,3;3;0,33;Sim/A/A02 Sim/B/B03 ;0,95 (0,46 | 1 | 0) 0,9 (0,3 | 3 | 0,33) 
P000060;-1,67;0,22;6;0,33;Sim/A/A02;-1,51;0,29;3;0,67;Sim/A/A04 Sim/A/A06 Sim/B/B01 ;-1,74 (0,4 | 1 | 0) -1,67 (3,07 | 1 | 0) -1,67 (27,96 | 1 | 0) 
P000061;0,58;0,18;5;0,6;;;;;;Sim/B/B03 ;0,47 (0,41 | 1 | 0) 
P000062;-1,18;0,22;5;0,4;;;;;;Sim/A/A04 Sim/A/A06 Sim/B/B01 ;-1,33 (0,3 | 2 | 0,5) -1,19 (0,85 | 1 | 0) -1,18 (6,49 | 1 | 0) 
P000063;2,76;0,27;6;0,83;;;;;;Sim/B/B04 ;2,76 (0,27 | 2 | 0,5) 
P000064;-3,04;0,57;6;0,17;Sim/A/A02;-3,12;0,9;3;0;Sim/A/A02 Sim/A/A06 Sim/B/B01 ;-3,12 (0,9 | 3 | 0) -3,04 (137,96 | 1 | 0) -3,04 (1648,51 | 1 | 0) 
P000065;3,77;0,65;6;1;;;;;;;
P000066;1,9;0,32;6;0,67;Sim/B/B02;1,87;0,35;3;0,33;Sim/B/B02 ;1,87 (0,35 | 3 | 0,33) 
P000067;3,77;0,65;6;1;;;;;;;
P000068;0,75;0,23;5;0,4;Sim/B/B03;0,81;0,26;3;0,33;Sim/B/B01 ;0,53 (0,54 | 2 | 0,5) 
P000069;-1,44;0,22;6;0,33;;;;;;Sim/A/A04 Sim/A/A06 Sim/B/B01 ;-1,58 (0,32 | 2 | 0) -1,44 (1,64 | 1 | 0) -1,44 (14,01 | 1 | 0) 
P000070;-2,09;0,33;6;0,33;Sim/A/A02;-2,16;0,4;3;0,33;Sim/A/A02 Sim/A/A06 Sim/B/B01 ;-2,16 (0,4 | 3 | 0,33) -2,09 (9,77 | 1 | 0) -2,09 (96,87 | 1 | 0) 
P000071;2,76;0,27;6;0,83;;;;;;Sim/B/B04 ;2,76 (0,27 | 2 | 0,5) 
P000072;-3,04;0,57;6;0,17;Sim/A/A02;-3,12;0,9;3;0;Sim/A/A02 Sim/A/A06 Sim/B/B01 ;-3,12 (0,9 | 3 | 0) -3,04 (137,96 | 1 | 0) -3,04 (1648,51 | 1 | 0) 
P000073;-0,92;0,18;6;0,5;;;;;;Sim/A/A06 Sim/B/B01 ;-1,01 (0,3 | 2 | 0) -0,92 (3,03 | 1 | 0) 
P000074;-2,09;0,33;6;0,33;Sim/A/A02;-2,16;0,4;3;0,33;Sim/A/A02 Sim/A/A06 Sim/B/B01 ;-2,16 (0,4 | 3 | 0,33) -2,09 (9,77 | 1 | 0) -2,09 (96,87 | 1 | 0) 
P000075;-3,04;0,57;6;0,17;Sim/A/A02;-3,12;0,9;3;0;Sim/A/A02 Sim/A/A06 Sim/B/B01 ;-3,12 (0,9 | 3 | 0) -3,04 (137,96 | 1 | 0) -3,04 (1648,51 | 1 | 0) 
P000076;-1,18;0,22;5;0,4;;;;;;Sim/A/A04 Sim/A/A06 Sim/B/B01 ;-1,33 (0,3 | 2 | 0,5) -1,19 (0,85 | 1 | 0) -1,18 (6,49 | 1 | 0) 
P000077;3,07;0,31;6;0,83;;;;;;Sim/C/C10 ;3 (0,52 | 1 | 0) 
P000078;-4,14;0,81;6;0;Sim/A/A02;-3,06;0,78;3;0;;
P000079;2,36;0,35;6;0,67;;;;;;Sim/B/B04 ;2,28 (0,58 | 2 | 0) 
P000080;0,75;0,23;5;0,4;Sim/B/B03;0,81;0,26;3;0,33;Sim/B/B01 ;0,53 (0,54 | 2 | 0,5) 
P000081;0,33;0,23;4;0,5;;;;;;Sim/B/B03 Sim/C/C03 ;0,3 (0,58 | 1 | 0) 0,27 (0,45 | 1 | 0) 
P000082;3,07;0,31;6;0,83;;;;;;Sim/C/C10 ;3 (0,52 | 1 | 0) 
P000083;-1,44;0,22;6;0,33;;;;;;Sim/A/A04 Sim/A/A06 Sim/B/B01 ;-1,58 (0,32 | 2 | 0) -1,44 (1,64 | 1 | 0) -1,44 (14,01 | 1 | 0) 
P000084;-3,04;0,57;6;0,17;Sim/A/A02;-3,12;0,9;3;0;Sim/A/A02 Sim/A/A06 Sim/B/B01 ;-3,12 (0,9 | 3 | 0) -3,04 (137,96 | 1 | 0) -3,04 (1648,51 | 1 | 0) 
P000085;-2,09;0,33;6;0,33;Sim/A/A02;-2,16;0,4;3;0,33;Sim/A/A02 Sim/A/A06 Sim/B/B01 ;-2,16 (0,4 | 3 | 0,33) -2,09 (9,77 | 1 | 0) -2,09 (96,87 | 1 | 0) 
P000086;0,7;0,19;5;0,6;;;;;;Sim/B/B03 ;0,27 (0,55 | 2 | 0) 
P000087;-0,58;0,2;5;0,4;;;;;;Sim/A/A07 Sim/B/B01 Sim/C/C01 ;-0,65 (0,36 | 1 | 0) -0,59 (1,15 | 1 | 0) -0,61 (0,52 | 1 | 0) 
P000088;3,77;0,65;6;1;;;;;;;
P000089;-1,03;0,23;6;0,17;;;;;;Sim/A/A04 Sim/A/A07 Sim/B/B01 Sim/C/C01 ;-1,15 (0,35 | 1 | 0) -1,04 (0,74 | 1 | 0) -1,03 (4,17 | 1 | 0) -1,03 (1,64 | 1 | 0) 
P000090;1,9;0,32;6;0,67;Sim/B/B02;1,87;0,35;3;0,33;Sim/B/B02 ;1,87 (0,35 | 3 | 0,33) 
P000091;1,01;0,21;6;0,5;Sim/B/B03;0,9;0,3;3;0,33;Sim/A/A02 Sim/B/B03 ;0,95 (0,46 | 1 | 0) 0,9 (0,3 | 3 | 0,33) 
P000092;0,39;0,23;6;0,83;;;;;;Sim/B/B01 ;0,11 (0,34 | 1 | 0) 
P000093;-1,67;0,22;6;0,33;Sim/A/A02;-1,51;0,29;3;0,67;Sim/A/A04 Sim/A/A06 Sim/B/B01 ;-1,74 (0,4 | 1 | 0) -1,67 (3,07 | 1 | 0) -1,67 (27,96 | 1 | 0) 
P000094;1,9;0,32;6;0,67;Sim/B/B02;1,87;0,35;3;0,33;Sim/B/B02 ;1,87 (0,35 | 3 | 0,33) 
P000095;0,7;0,19;5;0,6;;;;;;Sim/B/B03 ;0,27 (0,55 | 2 | 0) 
P000096;3,77;0,65;6;1;;;;;;;
P000097;1,6;0,34;5;0,6;;;;;;Sim/B/B02 ;1,5 (0,63 | 2 | 0) 
P000098;3,77;0,65;6;1;;;;;;;
P000099;1,6;0,34;5;0,6;;;;;;Sim/B/B02 ;1,5 (0,63 | 2 | 0) 
P000100;-0,92;0,18;6;0,5;;;;;;Sim/A/A06 Sim/B/B01 ;-1,01 (0,3 | 2 | 0) -0,92 (3,03 | 1 | 0) 
P000101;-0,92;0,18;6;0,5;;;;;;Sim/A/A06 Sim/B/B01 ;-1,01 (0,3 | 2 | 0) -0,92 (3,03 | 1 | 0) 
P000102;-4,14;0,81;6;0;Sim/A/A02;-3,06;0,78;3;0;;
P000103;-3,04;0,57;6;0,17;Sim/A/A02;-3,12;0,9;3;0;Sim/A/A02 Sim/A/A06 Sim/B/B01 ;-3,12 (0,9 | 3 | 0) -3,04 (137,96 | 1 | 0) -3,04 (1648,51 | 1 | 0) 
P000104;2,36;0,35;6;0,67;;;;;;Sim/B/B04 ;2,28 (0,58 | 2 | 0) 
P000105;-0,08;0,19;6;0,33;;;;;;Sim/A/A04 Sim/C/C03 ;-0,2 (0,29 | 2 | 0) -0,09 (1,1 | 1 | 0) 
P000106;-0,47;0,18;5;0,4;;;;;;Sim/B/B01 Sim/B/B02 Sim/C/C01 ;-0,48 (0,84 | 1 | 0) -0,52 (0,38 | 1 | 0) -0,51 (0,42 | 1 | 0) 
P000107;2,76;0,27;6;0,83;;;;;;Sim/B/B04 ;2,76 (0,27 | 2 | 0,5) 
P000108;0,03;0,19;5;0,6;;;;;;Sim/B/B01 Sim/B/B02 ;-0,05 (0,35 | 1 | 0) -0,01 (0,49 | 1 | 0) 
P000109;0,7;0,19;5;0,6;;;;;;Sim/B/B03 ;0,27 (0,55 | 2 | 0) 
P000110;0,17;0,19;6;0,67;;;;;;Sim/B/B01 ;-0,08 (0,36 | 1 | 0) 
P000111;0,33;0,23;4;0,5;;;;;;Sim/B/B03 Sim/C/C03 ;0,3 (0,58 | 1 | 0) 0,27 (0,45 | 1 | 0) 
P000112;3,07;0,31;6;0,83;;;;;;Sim/C/C10 ;3 (0,52 | 1 | 0) 
P000113;2,76;0,27;6;0,83;;;;;;Sim/B/B04 ;2,76 (0,27 | 2 | 0,5) 
P000114;2,36;0,35;6;0,67;;;;;;Sim/B/B04 ;2,28 (0,58 | 2 | 0) 
P000115;1,6;0,34;5;0,6;;;;;;Sim/B/B02 ;1,5 (0,63 | 2 | 0) 
P000116;3,77;0,65;6;1;;;;;;;
P000117;-4,14;0,81;6;0;Sim/A/A02;-3,06;0,78;3;0;;
P000118;0,58;0,18;5;0,6;;;;;;Sim/B/B03 ;0,47 (0,41 | 1 | 0) 
P000119;1,6;0,34;5;0,6;;;;;;Sim/B/B02 ;1,5 (0,63 | 2 | 0) 
P000120;1,6;0,34;5;0,6;;;;;;Sim/B/B02 ;1,5 (0,63 | 2 | 0) 
P000121;-0,17;0,22;4;0,5;;;;;;Sim/A/A04 Sim/B/B01 ;-0,36 (0,64 | 1 | 0) -0,22 (0,45 | 1 | 0) 
P000122;-3,04;0,57;6;0,17;Sim/A/A02;-3,12;0,9;3;0;Sim/A/A02 Sim/A/A06 Sim/B/B01 ;-3,12 (0,9 | 3 | 0) -3,04 (137,96 | 1 | 0) -3,04 (1648,51 | 1 | 0) 
P000123;1,9;0,32;6;0,67;Sim/B/B02;1,87;0,35;3;0,33;Sim/B/B02 ;1,87 (0,35 | 3 | 0,33) 
P000124;3,77;0,65;6;1;;;;;;;
P000125;-4,14;0,81;6;0;Sim/A/A02;-3,06;0,78;3;0;;
P000126;-0,78;0,19;6;0,33;;;;;;Sim/A/A07 Sim/B/B01 Sim/C/C01 ;-0,81 (0,45 | 1 | 0) -0,78 (2,01 | 1 | 0) -0,79 (0,83 | 1 | 0) 
P000127;1,6;0,34;5;0,6;;;;;;Sim/B/B02 ;1,5 (0,63 | 2 | 0) 
P000128;-3,04;0,57;6;0,17;Sim/A/A02;-3,12;0,9;3;0;Sim/A/A02 Sim/A/A06 Sim/B/B01 ;-3,12 (0,9 | 3 | 0) -3,04 (137,96 | 1 | 0) -3,04 (1648,51 | 1 | 0) 
P000129;3,07;0,31;6;0,83;;;;;;Sim/C/C10 ;3 (0,52 | 1 | 0) 
P000130;1,01;0,21;6;0,5;Sim/B/B03;0,9;0,3;3;0,33;Sim/A/A02 Sim/B/B03 ;0,95 (0,46 | 1 | 0) 0,9 (0,3 | 3 | 0,33) 
P000131;3,77;0,65;6;1;;;;;;;
P000132;-0,54;0,22;6;0,67;;;;;;Sim/A/A06 Sim/B/B01 ;-0,77 (0,26 | 2 | 0,5) -0,55 (1,03 | 1 | 0) 
P000133;0,75;0,23;5;0,4;Sim/B/B03;0,81;0,26;3;0,33;Sim/B/B01 ;0,53 (0,54 | 2 | 0,5) 
P000134;1,01;0,21;6;0,5;Sim/B/B03;0,9;0,3;3;0,33;Sim/A/A02 Sim/B/B03 ;0,95 (0,46 | 1 | 0) 0,9 (0,3 | 3 | 0,33) 
P000135;0,09;0,2;5;0,4;;;;;;Sim/A/A04 Sim/B/B03 Sim/C/C03 ;-0,05 (0,27 | 2 | 0,5) 0,09 (0,99 | 1 | 0) 0,08 (0,7 | 1 | 0) 
P000136;-0,08;0,19;6;0,33;;;;;;Sim/A/A04 Sim/C/C03 ;-0,2 (0,29 | 2 | 0) -0,09 (1,1 | 1 | 0) 
P000137;1,6;0,34;5;0,6;;;;;;Sim/B/B02 ;1,5 (0,63 | 2 | 0) 
P000138;-1,44;0,22;6;0,33;;;;;;Sim/A/A04 Sim/A/A06 Sim/B/B01 ;-1,58 (0,32 | 2 | 0) -1,44 (1,64 | 1 | 0) -1,44 (14,01 | 1 | 0) 
P000139;1,3;0,22;6;0,67;Sim/B/B01;1,39;0,44;3;0,67
P000139;1,3;0,22;6;0,67;Sim/B/B03;1,26;0,26;3;0,67;Sim/B/B03 ;1,26 (0,26 | 3 | 0,67) 
P000140;-1,44;0,22;6;0,33;;;;;;Sim/A/A04 Sim/A/A06 Sim/B/B01 ;-1,58 (0,32 | 2 | 0) -1,44 (1,64 | 1 | 0) -1,44 (14,01 | 1 | 0) 
P000141;-2,09;0,33;6;0,33;Sim/A/A02;-2,16;0,4;3;0,33;Sim/A/A02 Sim/A/A06 Sim/B/B01 ;-2,16 (0,4 | 3 | 0,33) -2,09 (9,77 | 1 | 0) -2,09 (96,87 | 1 | 0) 
P000142;0,87;0,2;6;0,67;;;;;;Sim/A/A02 Sim/B/B03 ;0,84 (0,53 | 1 | 0) 0,81 (0,27 | 2 | 0,5) 
P000143;-1,67;0,22;6;0,33;Sim/A/A02;-1,51;0,29;3;0,67;Sim/A/A04 Sim/A/A06 Sim/B/B01 ;-1,74 (0,4 | 1 | 0) -1,67 (3,07 | 1 | 0) -1,67 (27,96 | 1 | 0) 
P000144;2,36;0,35;6;0,67;;;;;;Sim/B/B04 ;2,28 (0,58 | 2 | 0) 
P000145;-1,18;0,22;5;0,4;;;;;;Sim/A/A04 Sim/A/A06 Sim/B/B01 ;-1,33 (0,3 | 2 | 0,5) -1,19 (0,85 | 1 | 0) -1,18 (6,49 | 1 | 0) 
P000146;3,77;0,65;6;1;;;;;;;
P000147;3,77;0,65;6;1;;;;;;;
P000148;-0,92;0,18;6;0,5;;;;;;Sim/A/A06 Sim/B/B01 ;-1,01 (0,3 | 2 | 0) -0,92 (3,03 | 1 | 0) 
P000149;-1,67;0,22;6;0,33;Sim/A/A02;-1,51;0,29;3;0,67;Sim/A/A04 Sim/A/A06 Sim/B/B01 ;-1,74 (0,4 | 1 | 0) -1,67 (3,07 | 1 | 0) -1,67 (27,96 | 1 | 0) 
P000150;3,07;0,31;6;0,83;;;;;;Sim/C/C10 ;3 (0,52 | 1 | 0) 
P000151;3,77;0,65;6;1;;;;;;;
P000152;-1,54;0,22;6;0,33;Sim/A/A02;-1,77;0,28;3;0,33;Sim/A/A02 Sim/A/A06 Sim/B/B01 ;-1,77 (0,28 | 3 | 0,33) -1,55 (2,19 | 1 | 0) -1,54 (19,32 | 1 | 0) 
P000153;-2,09;0,33;6;0,33;Sim/A/A02;-2,16;0,4;3;0,33;Sim/A/A02 Sim/A/A06 Sim/B/B01 ;-2,16 (0,4 | 3 | 0,33) -2,09 (9,77 | 1 | 0) -2,09 (96,87 | 1 | 0) 
P000154;3,77;0,65;6;1;;;;;;;
P000155;-3,04;0,57;6;0,17;Sim/A/A02;-3,12;0,9;3;0;Sim/A/A02 Sim/A/A06 Sim/B/B01 ;-3,12 (0,9 | 3 | 0) -3,04 (137,96 | 1 | 0) -3,04 (1648,51 | 1 | 0) 
P000156;3,77;0,65;6;1;;;;;;;
P000157;-2,09;0,33;6;0,33;Sim/A/A02;-2,16;0,4;3;0,33;Sim/A/A02 Sim/A/A06 Sim/B/B01 ;-2,16 (0,4 | 3 | 0,33) -2,09 (9,77 | 1 | 0) -2,09 (96,87 | 1 | 0) 
P000158;3,77;0,65;6;1;;;;;;;
P000159;-3,04;0,57;6;0,17;Sim/A/A02;-3,12;0,9;3;0;Sim/A/A02 Sim/A/A06 Sim/B/B01 ;-3,12 (0,9 | 3 | 0) -3,04 (137,96 | 1 | 0) -3,04 (1648,51 | 1 | 0) 
P000160;0,03;0,19;5;0,6;;;;;;Sim/B/B01 Sim/B/B02 ;-0,05 (0,35 | 1 | 0) -0,01 (0,49 | 1 | 0) 
P000161;-2,09;0,33;6;0,33;Sim/A/A02;-2,16;0,4;3;0,33;Sim/A/A02 Sim/A/A06 Sim/B/B01 ;-2,16 (0,4 | 3 | 0,33) -2,09 (9,77 | 1 | 0) -2,09 (96,87 | 1 | 0) 
P000162;-1,18;0,22;5;0,4;;;;;;Sim/A/A04 Sim/A/A06 Sim/B/B01 ;-1,33 (0,3 | 2 | 0,5) -1,19 (0,85 | 1 | 0) -1,18 (6,49 | 1 | 0) 
P000163;-1,18;0,22;5;0,4;;;;;;Sim/A/A04 Sim/A/A06 Sim/B/B01 ;-1,33 (0,3 | 2 | 0,5) -1,19 (0,85 | 1 | 0) -1,18 (6,49 | 1 | 0) 
P000164;3,77;0,65;6;1;;;;;;;
P000165;-4,14;0,81;6;0;Sim/A/A02;-3,06;0,78;3;0;;
P000166;-1,67;0,22;6;0,33;Sim/A/A02;-1,51;0,29;3;0,67;Sim/A/A04 Sim/A/A06 Sim/B/B01 ;-1,74 (0,4 | 1 | 0) -1,67 (3,07 | 1 | 0) -1,67 (27,96 | 1 | 0) 
P000167;2,36;0,35;6;0,67;;;;;;Sim/B/B04 ;2,28 (0,58 | 2 | 0) 
P000168;0,03;0,19;5;0,6;;;;;;Sim/B/B01 Sim/B/B02 ;-0,05 (0,35 | 1 | 0) -0,01 (0,49 | 1 | 0) 
P000169;-4,14;0,81;6;0;Sim/A/A02;-3,06;0,78;3;0;;
P000170;1,3;0,22;6;0,67;Sim/B/B01;1,39;0,44;3;0,67
P000170;1,3;0,22;6;0,67;Sim/B/B03;1,26;0,26;3;0,67;Sim/B/B03 ;1,26 (0,26 | 3 | 0,67) 
P000171;-2,09;0,33;6;0,33;Sim/A/A02;-2,16;0,4;3;0,33;Sim/A/A02 Sim/A/A06 Sim/B/B01 ;-2,16 (0,4 | 3 | 0,33) -2,09 (9,77 | 1 | 0) -2,09 (96,87 | 1 | 0) 
P000172;2,36;0,35;6;0,67;;;;;;Sim/B/B04 ;2,28 (0,58 | 2 | 0) 
P000173;2,36;0,35;6;0,67;;;;;;Sim/B/B04 ;2,28 (0,58 | 2 | 0) 
P000174;-1,44;0,22;6;0,33;;;;;;Sim/A/A04 Sim/A/A06 Sim/B/B01 ;-1,58 (0,32 | 2 | 0) -1,44 (1,64 | 1 | 0) -1,44 (14,01 | 1 | 0) 
P000175;-1,67;0,22;6;0,33;Sim/A/A02;-1,51;0,29;3;0,67;Sim/A/A04 Sim/A/A06 Sim/B/B01 ;-1,74 (0,4 | 1 | 0) -1,67 (3,07 | 1 | 0) -1,67 (27,96 | 1 | 0) 
P000176;1,14;0,2;6;0,67;Sim/B/B03;1,31;0,24;4;0,75;Sim/B/B01 ;0,53 (0,54 | 2 | 0,5) 
P000177;-0,47;0,18;5;0,4;;;;;;Sim/B/B01 Sim/B/B02 Sim/C/C01 ;-0,48 (0,84 | 1 | 0) -0,52 (0,38 | 1 | 0) -0,51 (0,42 | 1 | 0) 
P000178;1,01;0,21;6;0,5;Sim/B/B03;0,9;0,3;3;0,33;Sim/A/A02 Sim/B/B03 ;0,95 (0,46 | 1 | 0) 0,9 (0,3 | 3 | 0,33) 
P000179;2,36;0,35;6;0,67;;;;;;Sim/B/B04 ;2,28 (0,58 | 2 | 0) 
P000180;2,36;0,35;6;0,67;;;;;;Sim/B/B04 ;2,28 (0,58 | 2 | 0) 
P000181;1,6;0,34;5;0,6;;;;;;Sim/B/B02 ;1,5 (0,63 | 2 | 0) 
P000182;2,36;0,35;6;0,67;;;;;;Sim/B/B04 ;2,28 (0,58 | 2 | 0) 
P000183;2,76;0,27;6;0,83;;;;;;Sim/B/B04 ;2,76 (0,27 | 2 | 0,5) 
P000184;-4,14;0,81;6;0;Sim/A/A02;-3,06;0,78;3;0;;
P000185;-0,29;0,18;6;0,5;;;;;;Sim/B/B01 Sim/C/C01 ;-0,31 (0,55 | 1 | 0) -0,36 (0,35 | 1 | 0) 
P000186;-0,78;0,2;6;0,5;;;;;;Sim/A/A07 Sim/B/B01 ;-0,82 (0,47 | 1 | 0) -0,78 (2 | 1 | 0) 
P000187;1,6;0,34;5;0,6;;;;;;Sim/B/B02 ;1,5 (0,63 | 2 | 0) 
P000188;3,77;0,65;6;1;;;;;;;
P000189;3,07;0,31;6;0,83;;;;;;Sim/C/C10 ;3 (0,52 | 1 | 0) 
P000190;-0,08;0,19;6;0,33;;;;;;Sim/A/A04 Sim/C/C03 ;-0,2 (0,29 | 2 | 0) -0,09 (1,1 | 1 | 0) 
P000191;-1,44;0,22;6;0,33;;;;;;Sim/A/A04 Sim/A/A06 Sim/B/B01 ;-1,58 (0,32 | 2 | 0) -1,44 (1,64 | 1 | 0) -1,44 (14,01 | 1 | 0) 
P000192;3,77;0,65;6;1;;;;;;;
P000193;2,36;0,35;6;0,67;;;;;;Sim/B/B04 ;2,28 (0,58 | 2 | 0) 
P000194;-1,18;0,22;5;0,4;;;;;;Sim/A/A04 Sim/A/A06 Sim/B/B01 ;-1,33 (0,3 | 2 | 0,5) -1,19 (0,85 | 1 | 0) -1,18 (6,49 | 1 | 0) 
P000195;-0,17;0,22;4;0,5;;;;;;Sim/A/A04 Sim/B/B01 ;-0,36 (0,64 | 1 | 0) -0,22 (0,45 | 1 | 0) 
P000196;-1,37;0,24;6;0,5;Sim/A/A02;-1,49;0,3;3;0,67;Sim/A/A02 Sim/A/A06 Sim/B/B01 ;-1,49 (0,3 | 3 | 0,67) -1,37 (1,37 | 1 | 0) -1,37 (11,45 | 1 | 0) 
P000197;-1,67;0,22;6;0,33;Sim/A/A02;-1,51;0,29;3;0,67;Sim/A/A04 Sim/A/A06 Sim/B/B01 ;-1,74 (0,4 | 1 | 0) -1,67 (3,07 | 1 | 0) -1,67 (27,96 | 1 | 0) 
P000198;-4,14;0,81;6;0;Sim/A/A02;-3,06;0,78;3;0;;
P000199;1,9;0,32;6;0,67;Sim/B/B02;1,87;0,35;3;0,33;Sim/B/B02 ;1,87 (0,35 | 3 | 0,33) 
P000200;-1,94;0,23;6;0,17;Sim/A/A02;-1,9;0,25;3;0,33;Sim/A/A04 Sim/A/A06 Sim/B/B01 ;-1,97 (0,62 | 1 | 0) -1,94 (6,51 | 1 | 0) -1,94 (62,71 | 1 | 0) 
P000201;-2,09;0,33;6;0,33;Sim/A/A02;-2,16;0,4;3;0,33;Sim/A/A02 Sim/A/A06 Sim/B/B01 ;-2,16 (0,4 | 3 | 0,33) -2,09 (9,77 | 1 | 0) -2,09 (96,87 | 1 | 0) 
P000202;-1,37;0,24;6;0,5;Sim/A/A02;-1,49;0,3;3;0,67;Sim/A/A02 Sim/A/A06 Sim/B/B01 ;-1,49 (0,3 | 3 | 0,67) -1,37 (1,37 | 1 | 0) -1,37 (11,45 | 1 | 0) 
P000203;1,9;0,32;6;0,67;Sim/B/B02;1,87;0,35;3;0,33;Sim/B/B02 ;1,87 (0,35 | 3 | 0,33) 
P000204;-1,37;0,24;6;0,5;Sim/A/A02;-1,49;0,3;3;0,67;Sim/A/A02 Sim/A/A06 Sim/B/B01 ;-1,49 (0,3 | 3 | 0,67) -1,37 (1,37 | 1 | 0) -1,37 (11,45 | 1 | 0) 
P000205;-2,53;0,28;6;0,17;Sim/A/A02;-2,16;0,4;3;0,33;Sim/A/A05 Sim/A/A06 Sim/B/B01 ;-2,67 (0,44 | 1 | 0) -2,53 (33,94 | 1 | 0) -2,53 (367,56 | 1 | 0) 
P000206;2,36;0,35;6;0,67;;;;;;Sim/B/B04 ;2,28 (0,58 | 2 | 0) 
P000207;2,36;0,35;6;0,67;;;;;;Sim/B/B04 ;2,28 (0,58 | 2 | 0) 
P000208;-3,04;0,57;6;0,17;Sim/A/A02;-3,12;0,9;3;0;Sim/A/A02 Sim/A/A06 Sim/B/B01 ;-3,12 (0,9 | 3 | 0) -3,04 (137,96 | 1 | 0) -3,04 (1648,51 | 1 | 0) 
P000209;-0,92;0,18;6;0,5;;;;;;Sim/A/A06 Sim/B/B01 ;-1,01 (0,3 | 2 | 0) -0,92 (3,03 | 1 | 0) 
P000210;1,14;0,2;6;0,67;Sim/B/B03;1,31;0,24;4;0,75;Sim/B/B01 ;0,53 (0,54 | 2 | 0,5) 
P000211;3,77;0,65;6;1;;;;;;;
P000212;3,77;0,65;6;1;;;;;;;
P000213;-2,09;0,33;6;0,33;Sim/A/A02;-2,16;0,4;3;0,33;Sim/A/A02 Sim/A/A06 Sim/B/B01 ;-2,16 (0,4 | 3 | 0,33) -2,09 (9,77 | 1 | 0) -2,09 (96,87 | 1 | 0) 
P000214;-3,04;0,57;6;0,17;Sim/A/A02;-3,12;0,9;3;0;Sim/A/A02 Sim/A/A06 Sim/B/B01 ;-3,12 (0,9 | 3 | 0) -3,04 (137,96 | 1 | 0) -3,04 (1648,51 | 1 | 0) 
P000215;0,09;0,2;5;0,4;;;;;;Sim/A/A04 Sim/B/B03 Sim/C/C03 ;-0,05 (0,27 | 2 | 0,5) 0,09 (0,99 | 1 | 0) 0,08 (0,7 | 1 | 0) 
P000216;1,6;0,34;5;0,6;;;;;;Sim/B/B02 ;1,5 (0,63 | 2 | 0) 
P000217;0,7;0,19;5;0,6;;;;;;Sim/B/B03 ;0,27 (0,55 | 2 | 0) 
P000218;3,07;0,31;6;0,83;;;;;;Sim/C/C10 ;3 (0,52 | 1 | 0) 
P000219;-3,04;0,57;6;0,17;Sim/A/A02;-3,12;0,9;3;0;Sim/A/A02 Sim/A/A06 Sim/B/B01 ;-3,12 (0,9 | 3 | 0) -3,04 (137,96 | 1 | 0) -3,04 (1648,51 | 1 | 0) 
P000220;3,77;0,65;6;1;;;;;;;
P000221;0,7;0,19;5;0,6;;;;;;Sim/B/B03 ;0,27 (0,55 | 2 | 0) 
P000222;-2,09;0,33;6;0,33;Sim/A/A02;-2,16;0,4;3;0,33;Sim/A/A02 Sim/A/A06 Sim/B/B01 ;-2,16 (0,4 | 3 | 0,33) -2,09 (9,77 | 1 | 0) -2,09 (96,87 | 1 | 0) 
P000223;-4,14;0,81;6;0;Sim/A/A02;-3,06;0,78;3;0;;
P000224;-3,04;0,57;6;0,17;Sim/A/A02;-3,12;0,9;3;0;Sim/A/A02 Sim/A/A06 Sim/B/B01 ;-3,12 (0,9 | 3 | 0) -3,04 (137,96 | 1 | 0) -3,04 (1648,51 | 1 | 0) 
P000225;0,75;0,23;5;0,4;Sim/B/B03;0,81;0,26;3;0,33;Sim/B/B01 ;0,53 (0,54 | 2 | 0,5) 
P000226;0,97;0,2;6;0,5;Sim/B/B03;1,07;0,23;4;0,5;Sim/B/B01 ;0,53 (0,54 | 2 | 0,5) 
P000227;3,77;0,65;6;1;;;;;;;
P000228;1,09;0,23;6;0,83;;;;;;Sim/B/B03 ;0,81 (0,27 | 2 | 0,5) 
P000229;-0,08;0,19;6;0,33;;;;;;Sim/A/A04 Sim/C/C03 ;-0,2 (0,29 | 2 | 0) -0,09 (1,1 | 1 | 0) 
P000230;-3,04;0,57;6;0,17;Sim/A/A02;-3,12;0,9;3;0;Sim/A/A02 Sim/A/A06 Sim/B/B01 ;-3,12 (0,9 | 3 | 0) -3,04 (137,96 | 1 | 0) -3,04 (1648,51 | 1 | 0) 
P000231;1,14;0,2;6;0,67;Sim/B/B03;1,31;0,24;4;0,75;Sim/B/B01 ;0,53 (0,54 | 2 | 0,5) 
P000232;-3,04;0,57;6;0,17;Sim/A/A02;-3,12;0,9;3;0;Sim/A/A02 Sim/A/A06 Sim/B/B01 ;-3,12 (0,9 | 3 | 0) -3,04 (137,96 | 1 | 0) -3,04 (1648,51 | 1 | 0) 
P000233;-0,17;0,22;4;0,5;;;;;;Sim/A/A04 Sim/B/B01 ;-0,36 (0,64 | 1 | 0) -0,22 (0,45 | 1 | 0) 
P000234;-3,04;0,57;6;0,17;Sim/A/A02;-3,12;0,9;3;0;Sim/A/A02 Sim/A/A06 Sim/B/B01 ;-3,12 (0,9 | 3 | 0) -3,04 (137,96 | 1 | 0) -3,04 (1648,51 | 1 | 0) 
P000235;0,75;0,23;5;0,4;Sim/B/B03;0,81;0,26;3;0,33;Sim/B/B01 ;0,53 (0,54 | 2 | 0,5) 
P000236;1,6;0,34;5;0,6;;;;;;Sim/B/B02 ;1,5 (0,63 | 2 | 0) 
P000237;3,77;0,65;6;1;;;;;;;
P000238;-0,92;0,18;6;0,5;;;;;;Sim/A/A06 Sim/B/B01 ;-1,01 (0,3 | 2 | 0) -0,92 (3,03 | 1 | 0) 
P000239;-0,58;0,2;5;0,4;;;;;;Sim/A/A07 Sim/B/B01 Sim/C/C01 ;-0,65 (0,36 | 1 | 0) -0,59 (1,15 | 1 | 0) -0,61 (0,52 | 1 | 0) 
P000240;-3,04;0,57;6;0,17;Sim/A/A02;-3,12;0,9;3;0;Sim/A/A02 Sim/A/A06 Sim/B/B01 ;-3,12 (0,9 | 3 | 0) -3,04 (137,96 | 1 | 0) -3,04 (1648,51 | 1 | 0) 
P000241;-4,14;0,81;6;0;Sim/A/A02;-3,06;0,78;3;0;;
P000242;2,76;0,27;6;0,83;;;;;;Sim/B/B04 ;2,76 (0,27 | 2 | 0,5) 
P000243;-3,04;0,57;6;0,17;Sim/A/A02;-3,12;0,9;3;0;Sim/A/A02 Sim/A/A06 Sim/B/B01 ;-3,12 (0,9 | 3 | 0) -3,04 (137,96 | 1 | 0) -3,04 (1648,51 | 1 | 0) 
P000244;-3,04;0,57;6;0,17;Sim/A/A02;-3,12;0,9;3;0;Sim/A/A02 Sim/A/A06 Sim/B/B01 ;-3,12 (0,9 | 3 | 0) -3,04 (137,96 | 1 | 0) -3,04 (1648,51 | 1 | 0) 
P000245;3,77;0,65;6;1;;;;;;;
P000246;-3,04;0,57;6;0,17;Sim/A/A02;-3,12;0,9;3;0;Sim/A/A02 Sim/A/A06 Sim/B/B01 ;-3,12 (0,9 | 3 | 0) -3,04 (137,96 | 1 | 0) -3,04 (1648,51 | 1 | 0) 
P000247;-3,04;0,57;6;0,17;Sim/A/A02;-3,12;0,9;3;0;Sim/A/A02 Sim/A/A06 Sim/B/B01 ;-3,12 (0,9 | 3 | 0) -3,04 (137,96 | 1 | 0) -3,04 (1648,51 | 1 | 0) 
P000248;-0,47;0,18;5;0,4;;;;;;Sim/B/B01 Sim/B/B02 Sim/C/C01 ;-0,48 (0,84 | 1 | 0) -0,52 (0,38 | 1 | 0) -0,51 (0,42 | 1 | 0) 
P000249;-3,04;0,57;6;0,17;Sim/A/A02;-3,12;0,9;3;0;Sim/A/A02 Sim/A/A06 Sim/B/B01 ;-3,12 (0,9 | 3 | 0) -3,04 (137,96 | 1 | 0) -3,04 (1648,51 | 1 | 0) 
P000250;-2,53;0,28;6;0,17;Sim/A/A02;-2,16;0,4;3;0,33;Sim/A/A05 Sim/A/A06 Sim/B/B01 ;-2,67 (0,44 | 1 | 0) -2,53 (33,94 | 1 | 0) -2,53 (367,56 | 1 | 0) 
P000251;3,77;0,65;6;1;;;;;;;
P000252;1,3;0,22;6;0,67;Sim/B/B01;1,39;0,44;3;0,67
P000252;1,3;0,22;6;0,67;Sim/B/B03;1,26;0,26;3;0,67;Sim/B/B03 ;1,26 (0,26 | 3 | 0,67) 
P000253;-0,47;0,18;5;0,4;;;;;;Sim/B/B01 Sim/B/B02 Sim/C/C01 ;-0,48 (0,84 | 1 | 0) -0,52 (0,38 | 1 | 0) -0,51 (0,42 | 1 | 0) 
P000254;3,77;0,65;6;1;;;;;;;
P000255;-1,18;0,22;5;0,4;;;;;;Sim/A/A04 Sim/A/A06 Sim/B/B01 ;-1,33 (0,3 | 2 | 0,5) -1,19 (0,85 | 1 | 0) -1,18 (6,49 | 1 | 0) 
P000256;1,01;0,21;6;0,5;Sim/B/B03;0,9;0,3;3;0,33;Sim/A/A02 Sim/B/B03 ;0,95 (0,46 | 1 | 0) 0,9 (0,3 | 3 | 0,33) 
P000257;-0,78;0,2;6;0,5;;;;;;Sim/A/A07 Sim/B/B01 ;-0,82 (0,47 | 1 | 0) -0,78 (2 | 1 | 0) 
P000258;-1,67;0,22;6;0,33;Sim/A/A02;-1,51;0,29;3;0,67;Sim/A/A04 Sim/A/A06 Sim/B/B01 ;-1,74 (0,4 | 1 | 0) -1,67 (3,07 | 1 | 0) -1,67 (27,96 | 1 | 0) 
P000259;2,76;0,27;6;0,83;;;;;;Sim/B/B04 ;2,76 (0,27 | 2 | 0,5) 
P000260;-1,44;0,22;6;0,33;;;;;;Sim/A/A04 Sim/A/A06 Sim/B/B01 ;-1,58 (0,32 | 2 | 0) -1,44 (1,64 | 1 | 0) -1,44 (14,01 | 1 | 0) 
P000261;-0,58;0,2;5;0,4;;;;;;Sim/A/A07 Sim/B/B01 Sim/C/C01 ;-0,65 (0,36 | 1 | 0) -0,59 (1,15 | 1 | 0) -0,61 (0,52 | 1 | 0) 
P000262;-0,29;0,18;6;0,5;;;;;;Sim/B/B01 Sim/C/C01 ;-0,31 (0,55 | 1 | 0) -0,36 (0,35 | 1 | 0) 
P000263;0,75;0,23;5;0,4;Sim/B/B03;0,81;0,26;3;0,33;Sim/B/B01 ;0,53 (0,54 | 2 | 0,5) 
P000264;-1,18;0,22;5;0,4;;;;;;Sim/A/A04 Sim/A/A06 Sim/B/B01 ;-1,33 (0,3 | 2 | 0,5) -1,19 (0,85 | 1 | 0) -1,18 (6,49 | 1 | 0) 
P000265;-1,18;0,22;5;0,4;;;;;;Sim/A/A04 Sim/A/A06 Sim/B/B01 ;-1,33 (0,3 | 2 | 0,5) -1,19 (0,85 | 1 | 0) -1,18 (6,49 | 1 | 0) 
P000266;-0,58;0,2;5;0,4;;;;;;Sim/A/A07 Sim/B/B01 Sim/C/C01 ;-0,65 (0,36 | 1 | 0) -0,59 (1,15 | 1 | 0) -0,61 (0,52 | 1 | 0) 
P000267;-1,67;0,22;6;0,33;Sim/A/A02;-1,51;0,29;3;0,67;Sim/A/A04 Sim/A/A06 Sim/B/B01 ;-1,74 (0,4 | 1 | 0) -1,67 (3,07 | 1 | 0) -1,67 (27,96 | 1 | 0) 
P000268;-4,14;0,81;6;0;Sim/A/A02;-3,06;0,78;3;0;;
P000269;-1,73;0,24;6;0,17;;;;;;Sim/A/A04 Sim/A/A06 Sim/B/B01 ;-1,8 (0,42 | 2 | 0) -1,73 (3,67 | 1 | 0) -1,73 (33,81 | 1 | 0) 
P000270;-2,09;0,33;6;0,33;Sim/A/A02;-2,16;0,4;3;0,33;Sim/A/A02 Sim/A/A06 Sim/B/B01 ;-2,16 (0,4 | 3 | 0,33) -2,09 (9,77 | 1 | 0) -2,09 (96,87 | 1 | 0) 
P000271;-1,67;0,22;6;0,33;Sim/A/A02;-1,51;0,29;3;0,67;Sim/A/A04 Sim/A/A06 Sim/B/B01 ;-1,74 (0,4 | 1 | 0) -1,67 (3,07 | 1 | 0) -1,67 (27,96 | 1 | 0) 
P000272;2,36;0,35;6;0,67;;;;;;Sim/B/B04 ;2,28 (0,58 | 2 | 0) 
P000273;1,6;0,34;5;0,6;;;;;;Sim/B/B02 ;1,5 (0,63 | 2 | 0) 
P000274;-0,17;0,22;4;0,5;;;;;;Sim/A/A04 Sim/B/B01 ;-0,36 (0,64 | 1 | 0) -0,22 (0,45 | 1 | 0) 
P000275;-0,92;0,18;6;0,5;;;;;;Sim/A/A06 Sim/B/B01 ;-1,01 (0,3 | 2 | 0) -0,92 (3,03 | 1 | 0) 
P000276;1,2;0,2;6;0,67;Sim/B/B03;0,9;0,3;3;0,33;Sim/B/B03 ;0,9 (0,3 | 3 | 0,33) 
P000277;-2,53;0,28;6;0,17;Sim/A/A02;-2,16;0,4;3;0,33;Sim/A/A05 Sim/A/A06 Sim/B/B01 ;-2,67 (0,44 | 1 | 0) -2,53 (33,94 | 1 | 0) -2,53 (367,56 | 1 | 0) 
P000278;-0,17;0,22;4;0,5;;;;;;Sim/A/A04 Sim/B/B01 ;-0,36 (0,64 | 1 | 0) -0,22 (0,45 | 1 | 0) 
P000279;3,77;0,65;6;1;;;;;;;
P000280;0,7;0,19;5;0,6;;;;;;Sim/B/B03 ;0,27 (0,55 | 2 | 0) 
P000281;0,75;0,23;5;0,4;Sim/B/B03;0,81;0,26;3;0,33;Sim/B/B01 ;0,53 (0,54 | 2 | 0,5) 
P000282;3,77;0,65;6;1;;;;;;;
P000283;0,58;0,18;5;0,6;;;;;;Sim/B/B03 ;0,47 (0,41 | 1 | 0) 
P000284;1,14;0,2;6;0,67;Sim/B/B03;1,31;0,24;4;0,75;Sim/B/B01 ;0,53 (0,54 | 2 | 0,5) 
P000285;-4,14;0,81;6;0;Sim/A/A02;-3,06;0,78;3;0;;
P000286;3,77;0,65;6;1;;;;;;;
P000287;2,36;0,35;6;0,67;;;;;;Sim/B/B04 ;2,28 (0,58 | 2 | 0) 
P000288;-4,14;0,81;6;0;Sim/A/A02;-3,06;0,78;3;0;;
P000289;-3,04;0,57;6;0,17;Sim/A/A02;-3,12;0,9;3;0;Sim/A/A02 Sim/A/A06 Sim/B/B01 ;-3,12 (0,9 | 3 | 0) -3,04 (137,96 | 1 | 0) -3,04 (1648,51 | 1 | 0) 
P000290;-1,37;0,24;6;0,5;Sim/A/A02;-1,49;0,3;3;0,67;Sim/A/A02 Sim/A/A06 Sim/B/B01 ;-1,49 (0,3 | 3 | 0,67) -1,37 (1,37 | 1 | 0) -1,37 (11,45 | 1 | 0) 
P000291;-1,54;0,22;6;0,33;Sim/A/A02;-1,77;0,28;3;0,33;Sim/A/A02 Sim/A/A06 Sim/B/B01 ;-1,77 (0,28 | 3 | 0,33) -1,55 (2,19 | 1 | 0) -1,54 (19,32 | 1 | 0) 
P000292;3,07;0,31;6;0,83;;;;;;Sim/C/C10 ;3 (0,52 | 1 | 0) 
P000293;-3,04;0,57;6;0,17;Sim/A/A02;-3,12;0,9;3;0;Sim/A/A02 Sim/A/A06 Sim/B/B01 ;-3,12 (0,9 | 3 | 0) -3,04 (137,96 | 1 | 0) -3,04 (1648,51 | 1 | 0) 
P000294;-4,14;0,81;6;0;Sim/A/A02;-3,06;0,78;3;0;;
P000295;-1,18;0,22;5;0,4;;;;;;Sim/A/A04 Sim/A/A06 Sim/B/B01 ;-1,33 (0,3 | 2 | 0,5) -1,19 (0,85 | 1 | 0) -1,18 (6,49 | 1 | 0) 
P000296;2,36;0,35;6;0,67;;;;;;Sim/B/B04 ;2,28 (0,58 | 2 | 0) 
P000297;0,33;0,23;4;0,5;;;;;;Sim/B/B03 Sim/C/C03 ;0,3 (0,58 | 1 | 0) 0,27 (0,45 | 1 | 0) 
P000298;3,77;0,65;6;1;;;;;;;
P000299;0,75;0,23;5;0,4;Sim/B/B03;0,81;0,26;3;0,33;Sim/B/B01 ;0,53 (0,54 | 2 | 0,5) 
P000300;-0,29;0,18;6;0,5;;;;;;Sim/B/B01 Sim/C/C01 ;-0,31 (0,55 | 1 | 0) -0,36 (0,35 | 1 | 0) 
P000301;-0,78;0,2;6;0,5;;;;;;Sim/A/A07 Sim/B/B01 ;-0,82 (0,47 | 1 | 0) -0,78 (2 | 1 | 0) 
P000302;1,6;0,34;5;0,6;;;;;;Sim/B/B02 ;1,5 (0,63 | 2 | 0) 
P000303;-1,67;0,22;6;0,33;Sim/A/A02;-1,51;0,29;3;0,67;Sim/A/A04 Sim/A/A06 Sim/B/B01 ;-1,74 (0,4 | 1 | 0) -1,67 (3,07 | 1 | 0) -1,67 (27,96 | 1 | 0) 
P000304;-1,37;0,24;6;0,5;Sim/A/A02;-1,49;0,3;3;0,67;Sim/A/A02 Sim/A/A06 Sim/B/B01 ;-1,49 (0,3 | 3 | 0,67) -1,37 (1,37 | 1 | 0) -1,37 (11,45 | 1 | 0) 
P000305;-0,54;0,22;6;0,67;;;;;;Sim/A/A06 Sim/B/B01 ;-0,77 (0,26 | 2 | 0,5) -0,55 (1,03 | 1 | 0) 
P000306;-0,78;0,19;6;0,33;;;;;;Sim/A/A07 Sim/B/B01 Sim/C/C01 ;-0,81 (0,45 | 1 | 0) -0,78 (2,01 | 1 | 0) -0,79 (0,83 | 1 | 0) 
P000307;2,36;0,35;6;0,67;;;;;;Sim/B/B04 ;2,28 (0,58 | 2 | 0) 
P000308;0,87;0,2;6;0,67;;;;;;Sim/A/A02 Sim/B/B03 ;0,84 (0,53 | 1 | 0) 0,81 (0,27 | 2 | 0,5) 
P000309;-3,04;0,57;6;0,17;Sim/A/A02;-3,12;0,9;3;0;Sim/A/A02 Sim/A/A06 Sim/B/B01 ;-3,12 (0,9 | 3 | 0) -3,04 (137,96 | 1 | 0) -3,04 (1648,51 | 1 | 0) 
P000310;0,97;0,2;6;0,5;Sim/B/B03;1,07;0,23;4;0,5;Sim/B/B01 ;0,53 (0,54 | 2 | 0,5) 
P000311;1,9;0,32;6;0,67;Sim/B/B02;1,87;0,35;3;0,33;Sim/B/B02 ;1,87 (0,35 | 3 | 0,33) 
P000312;3,77;0,65;6;1;;;;;;;
P000313;-2,09;0,33;6;0,33;Sim/A/A02;-2,16;0,4;3;0,33;Sim/A/A02 Sim/A/A06 Sim/B/B01 ;-2,16 (0,4 | 3 | 0,33) -2,09 (9,77 | 1 | 0) -2,09 (96,87 | 1 | 0) 
P000314;-4,14;0,81;6;0;Sim/A/A02;-3,06;0,78;3;0;;
P000315;0,33;0,23;4;0,5;;;;;;Sim/B/B03 Sim/C/C03 ;0,3 (0,58 | 1 | 0) 0,27 (0,45 | 1 | 0) 
P000316;0,33;0,23;4;0,5;;;;;;Sim/B/B03 Sim/C/C03 ;0,3 (0,58 | 1 | 0) 0,27 (0,45 | 1 | 0) 
P000317;3,77;0,65;6;1;;;;;;;
P000318;-3,04;0,57;6;0,17;Sim/A/A02;-3,12;0,9;3;0;Sim/A/A02 Sim/A/A06 Sim/B/B01 ;-3,12 (0,9 | 3 | 0) -3,04 (137,96 | 1 | 0) -3,04 (1648,51 | 1 | 0) 
P000319;-2,09;0,33;6;0,33;Sim/A/A02;-2,16;0,4;3;0,33;Sim/A/A02 Sim/A/A06 Sim/B/B01 ;-2,16 (0,4 | 3 | 0,33) -2,09 (9,77 | 1 | 0) -2,09 (96,87 | 1 | 0) 
P000320;-1,54;0,22;6;0,33;Sim/A/A02;-1,77;0,28;3;0,33;Sim/A/A02 Sim/A/A06 Sim/B/B01 ;-1,77 (0,28 | 3 | 0,33) -1,55 (2,19 | 1 | 0) -1,54 (19,32 | 1 | 0) 
P000321;3,77;0,65;6;1;;;;;;;
P000322;2,76;0,27;6;0,83;;;;;;Sim/B/B04 ;2,76 (0,27 | 2 | 0,5) 
P000323;1,2;0,2;6;0,67;Sim/B/B03;0,9;0,3;3;0,33;Sim/B/B03 ;0,9 (0,3 | 3 | 0,33) 
P000324;-0,17;0,22;4;0,5;;;;;;Sim/A/A04 Sim/B/B01 ;-0,36 (0,64 | 1 | 0) -0,22 (0,45 | 1 | 0) 
P000325;0,7;0,19;5;0,6;;;;;;Sim/B/B03 ;0,27 (0,55 | 2 | 0) 
P000326;-4,14;0,81;6;0;Sim/A/A02;-3,06;0,78;3;0;;
P000327;-1,67;0,22;6;0,33;Sim/A/A02;-1,51;0,29;3;0,67;Sim/A/A04 Sim/A/A06 Sim/B/B01 ;-1,74 (0,4 | 1 | 0) -1,67 (3,07 | 1 | 0) -1,67 (27,96 | 1 | 0) 
P000328;-4,14;0,81;6;0;Sim/A/A02;-3,06;0,78;3;0;;
P000329;1,6;0,34;5;0,6;;;;;;Sim/B/B02 ;1,5 (0,63 | 2 | 0) 
P000330;-3,04;0,57;6;0,17;Sim/A/A02;-3,12;0,9;3;0;Sim/A/A02 Sim/A/A06 Sim/B/B01 ;-3,12 (0,9 | 3 | 0) -3,04 (137,96 | 1 | 0) -3,04 (1648,51 | 1 | 0) 
P000331;-4,14;0,81;6;0;Sim/A/A02;-3,06;0,78;3;0;;
P000332;2,36;0,35;6;0,67;;;;;;Sim/B/B04 ;2,28 (0,58 | 2 | 0) 
P000333;0,97;0,2;6;0,5;Sim/B/B03;1,07;0,23;4;0,5;Sim/B/B01 ;0,53 (0,54 | 2 | 0,5) 
P000334;0,33;0,23;4;0,5;;;;;;Sim/B/B03 Sim/C/C03 ;0,3 (0,58 | 1 | 0) 0,27 (0,45 | 1 | 0) 
P000335;-3,04;0,57;6;0,17;Sim/A/A02;-3,12;0,9;3;0;Sim/A/A02 Sim/A/A06 Sim/B/B01 ;-3,12 (0,9 | 3 | 0) -3,04 (137,96 | 1 | 0) -3,04 (1648,51 | 1 | 0) 
P000336;-0,78;0,2;6;0,5;;;;;;Sim/A/A07 Sim/B/B01 ;-0,82 (0,47 | 1 | 0) -0,78 (2 | 1 | 0) 
P000337;-3,04;0,57;6;0,17;Sim/A/A02;-3,12;0,9;3;0;Sim/A/A02 Sim/A/A06 Sim/B/B01 ;-3,12 (0,9 | 3 | 0) -3,04 (137,96 | 1 | 0) -3,04 (1648,51 | 1 | 0) 
P000338;-4,14;0,81;6;0;Sim/A/A02;-3,06;0,78;3;0;;
P000339;-1,37;0,24;6;0,5;Sim/A/A02;-1,49;0,3;3;0,67;Sim/A/A02 Sim/A/A06 Sim/B/B01 ;-1,49 (0,3 | 3 | 0,67) -1,37 (1,37 | 1 | 0) -1,37 (11,45 | 1 | 0) 
P000340;0,33;0,23;4;0,5;;;;;;Sim/B/B03 Sim/C/C03 ;0,3 (0,58 | 1 | 0) 0,27 (0,45 | 1 | 0) 
P000341;-3,04;0,57;6;0,17;Sim/A/A02;-3,12;0,9;3;0;Sim/A/A02 Sim/A/A06 Sim/B/B01 ;-3,12 (0,9 | 3 | 0) -3,04 (137,96 | 1 | 0) -3,04 (1648,51 | 1 | 0) 
P000342;1,9;0,32;6;0,67;Sim/B/B02;1,87;0,35;3;0,33;Sim/B/B02 ;1,87 (0,35 | 3 | 0,33) 
P000343;3,77;0,65;6;1;;;;;;;
P000344;1,6;0,34;5;0,6;;;;;;Sim/B/B02 ;1,5 (0,63 | 2 | 0) 
P000345;-2,53;0,28;6;0,17;Sim/A/A02;-2,16;0,4;3;0,33;Sim/A/A05 Sim/A/A06 Sim/B/B01 ;-2,67 (0,44 | 1 | 0) -2,53 (33,94 | 1 | 0) -2,53 (367,56 | 1 | 0) 
P000346;-4,14;0,81;6;0;Sim/A/A02;-3,06;0,78;3;0;;
P000347;3,07;0,31;6;0,83;;;;;;Sim/C/C10 ;3 (0,52 | 1 | 0) 
P000348;1,9;0,32;6;0,67;Sim/B/B02;1,87;0,35;3;0,33;Sim/B/B02 ;1,87 (0,35 | 3 | 0,33) 
P000349;3,07;0,31;6;0,83;;;;;;Sim/C/C10 ;3 (0,52 | 1 | 0) 
P000350;-0,17;0,22;4;0,5;;;;;;Sim/A/A04 Sim/B/B01 ;-0,36 (0,64 | 1 | 0) -0,22 (0,45 | 1 | 0) 
P000351;-0,17;0,22;4;0,5;;;;;;Sim/A/A04 Sim/B/B01 ;-0,36 (0,64 | 1 | 0) -0,22 (0,45 | 1 | 0) 
P000352;-0,17;0,22;4;0,5;;;;;;Sim/A/A04 Sim/B/B01 ;-0,36 (0,64 | 1 | 0) -0,22 (0,45 | 1 | 0) 
P000353;-4,14;0,81;6;0;Sim/A/A02;-3,06;0,78;3;0;;
P000354;1,2;0,2;6;0,67;Sim/B/B03;0,9;0,3;3;0,33;Sim/B/B03 ;0,9 (0,3 | 3 | 0,33) 
P000355;0,97;0,2;6;0,5;Sim/B/B03;1,07;0,23;4;0,5;Sim/B/B01 ;0,53 (0,54 | 2 | 0,5) 
P000356;1,46;0,25;6;0,83;Sim/B/B01;1,59;0,52;3;1
P000356;1,46;0,25;6;0,83;Sim/B/B03;1,26;0,26;3;0,67;Sim/B/B03 ;1,26 (0,26 | 3 | 0,67) 
P000357;-1,18;0,22;5;0,4;;;;;;Sim/A/A04 Sim/A/A06 Sim/B/B01 ;-1,33 (0,3 | 2 | 0,5) -1,19 (0,85 | 1 | 0) -1,18 (6,49 | 1 | 0) 
P000358;3,07;0,31;6;0,83;;;;;;Sim/C/C10 ;3 (0,52 | 1 | 0) 
P000359;-1,67;0,22;6;0,33;Sim/A/A02;-1,51;0,29;3;0,67;Sim/A/A04 Sim/A/A06 Sim/B/B01 ;-1,74 (0,4 | 1 | 0) -1,67 (3,07 | 1 | 0) -1,67 (27,96 | 1 | 0) 
P000360;-1,44;0,22;6;0,33;;;;;;Sim/A/A04 Sim/A/A06 Sim/B/B01 ;-1,58 (0,32 | 2 | 0) -1,44 (1,64 | 1 | 0) -1,44 (14,01 | 1 | 0) 
P000361;-2,53;0,28;6;0,17;Sim/A/A02;-2,16;0,4;3;0,33;Sim/A/A05 Sim/A/A06 Sim/B/B01 ;-2,67 (0,44 | 1 | 0) -2,53 (33,94 | 1 | 0) -2,53 (367,56 | 1 | 0) 
P000362;0,33;0,23;4;0,5;;;;;;Sim/B/B03 Sim/C/C03 ;0,3 (0,58 | 1 | 0) 0,27 (0,45 | 1 | 0) 
P000363;-4,14;0,81;6;0;Sim/A/A02;-3,06;0,78;3;0;;
P000364;0,09;0,2;5;0,4;;;;;;Sim/A/A04 Sim/B/B03 Sim/C/C03 ;-0,05 (0,27 | 2 | 0,5) 0,09 (0,99 | 1 | 0) 0,08 (0,7 | 1 | 0) 
P000365;3,77;0,65;6;1;;;;;;;
P000366;-2,09;0,33;6;0,33;Sim/A/A02;-2,16;0,4;3;0,33;Sim/A/A02 Sim/A/A06 Sim/B/B01 ;-2,16 (0,4 | 3 | 0,33) -2,09 (9,77 | 1 | 0) -2,09 (96,87 | 1 | 0) 
P000367;1,6;0,34;5;0,6;;;;;;Sim/B/B02 ;1,5 (0,63 | 2 | 0) 
P000368;-0,17;0,22;4;0,5;;;;;;Sim/A/A04 Sim/B/B01 ;-0,36 (0,64 | 1 | 0) -0,22 (0,45 | 1 | 0) 
P000369;0,09;0,2;5;0,4;;;;;;Sim/A/A04 Sim/B/B03 Sim/C/C03 ;-0,05 (0,27 | 2 | 0,5) 0,09 (0,99 | 1 | 0) 0,08 (0,7 | 1 | 0) 
P000370;1,6;0,34;5;0,6;;;;;;Sim/B/B02 ;1,5 (0,63 | 2 | 0) 
P000371;1,6;0,34;5;0,6;;;;;;Sim/B/B02 ;1,5 (0,63 | 2 | 0) 
P000372;3,77;0,65;6;1;;;;;;;
P000373;-3,04;0,57;6;0,17;Sim/A/A02;-3,12;0,9;3;0;Sim/A/A02 Sim/A/A06 Sim/B/B01 ;-3,12 (0,9 | 3 | 0) -3,04 (137,96 | 1 | 0) -3,04 (1648,51 | 1 | 0) 
P000374;3,77;0,65;6;1;;;;;;;
P000375;-4,14;0,81;6;0;Sim/A/A02;-3,06;0,78;3;0;;
P000376;-1,03;0,23;6;0,17;;;;;;Sim/A/A04 Sim/A/A07 Sim/B/B01 Sim/C/C01 ;-1,15 (0,35 | 1 | 0) -1,04 (0,74 | 1 | 0) -1,03 (4,17 | 1 | 0) -1,03 (1,64 | 1 | 0) 
P000377;-3,04;0,57;6;0,17;Sim/A/A02;-3,12;0,9;3;0;Sim/A/A02 Sim/A/A06 Sim/B/B01 ;-3,12 (0,9 | 3 | 0) -3,04 (137,96 | 1 | 0) -3,04 (1648,51 | 1 | 0) 
P000378;-4,14;0,81;6;0;Sim/A/A02;-3,06;0,78;3;0;;
P000379;0,7;0,19;5;0,6;;;;;;Sim/B/B03 ;0,27 (0,55 | 2 | 0) 
P000380;1,9;0,32;6;0,67;Sim/B/B02;1,87;0,35;3;0,33;Sim/B/B02 ;1,87 (0,35 | 3 | 0,33) 
P000381;-3,04;0,57;6;0,17;Sim/A/A02;-3,12;0,9;3;0;Sim/A/A02 Sim/A/A06 Sim/B/B01 ;-3,12 (0,9 | 3 | 0) -3,04 (137,96 | 1 | 0) -3,04 (1648,51 | 1 | 0) 
P000382;0,03;0,19;5;0,6;;;;;;Sim/B/B01 Sim/B/B02 ;-0,05 (0,35 | 1 | 0) -0,01 (0,49 | 1 | 0) 
P000383;3,07;0,31;6;0,83;;;;;;Sim/C/C10 ;3 (0,52 | 1 | 0) 
P000384;-2,09;0,33;6;0,33;Sim/A/A02;-2,16;0,4;3;0,33;Sim/A/A02 Sim/A/A06 Sim/B/B01 ;-2,16 (0,4 | 3 | 0,33) -2,09 (9,77 | 1 | 0) -2,09 (96,87 | 1 | 0) 
P000385;0,7;0,19;5;0,6;;;;;;Sim/B/B03 ;0,27 (0,55 | 2 | 0) 
P000386;3,07;0,31;6;0,83;;;;;;Sim/C/C10 ;3 (0,52 | 1 | 0) 
P000387;3,07;0,31;6;0,83;;;;;;Sim/C/C10 ;3 (0,52 | 1 | 0) 
P000388;0,58;0,18;5;0,6;;;;;;Sim/B/B03 ;0,47 (0,41 | 1 | 0) 
P000389;-2,09;0,33;6;0,33;Sim/A/A02;-2,16;0,4;3;0,33;Sim/A/A02 Sim/A/A06 Sim/B/B01 ;-2,16 (0,4 | 3 | 0,33) -2,09 (9,77 | 1 | 0) -2,09 (96,87 | 1 | 0) 
P000390;3,77;0,65;6;1;;;;;;;
P000391;-3,04;0,57;6;0,17;Sim/A/A02;-3,12;0,9;3;0;Sim/A/A02 Sim/A/A06 Sim/B/B01 ;-3,12 (0,9 | 3 | 0) -3,04 (137,96 | 1 | 0) -3,04 (1648,51 | 1 | 0) 
P000392;0,03;0,19;5;0,6;;;;;;Sim/B/B01 Sim/B/B02 ;-0,05 (0,35 | 1 | 0) -0,01 (0,49 | 1 | 0) 
P000393;0,75;0,23;5;0,4;Sim/B/B03;0,81;0,26;3;0,33;Sim/B/B01 ;0,53 (0,54 | 2 | 0,5) 
P000394;3,07;0,31;6;0,83;;;;;;Sim/C/C10 ;3 (0,52 | 1 | 0) 
P000395;-3,04;0,57;6;0,17;Sim/A/A02;-3,12;0,9;3;0;Sim/A/A02 Sim/A/A06 Sim/B/B01 ;-3,12 (0,9 | 3 | 0) -3,04 (137,96 | 1 | 0) -3,04 (1648,51 | 1 | 0) 
P000396;-3,04;0,57;6;0,17;Sim/A/A02;-3,12;0,9;3;0;Sim/A/A02 Sim/A/A06 Sim/B/B01 ;-3,12 (0,9 | 3 | 0) -3,04 (137,96 | 1 | 0) -3,04 (1648,51 | 1 | 0) 
P000397;1,6;0,34;5;0,6;;;;;;Sim/B/B02 ;1,5 (0,63 | 2 | 0) 
P000398;2,36;0,35;6;0,67;;;;;;Sim/B/B04 ;2,28 (0,58 | 2 | 0) 
P000399;0,17;0,19;6;0,67;;;;;;Sim/B/B01 ;-0,08 (0,36 | 1 | 0) 
P000400;3,07;0,31;6;0,83;;;;;;Sim/C/C10 ;3 (0,52 | 1 | 0) 
P000401;-1,18;0,22;5;0,4;;;;;;Sim/A/A04 Sim/A/A06 Sim/B/B01 ;-1,33 (0,3 | 2 | 0,5) -1,19 (0,85 | 1 | 0) -1,18 (6,49 | 1 | 0) 
P000402;2,36;0,35;6;0,67;;;;;;Sim/B/B04 ;2,28 (0,58 | 2 | 0) 
P000403;0,7;0,19;5;0,6;;;;;;Sim/B/B03 ;0,27 (0,55 | 2 | 0) 
P000404;-0,17;0,22;4;0,5;;;;;;Sim/A/A04 Sim/B/B01 ;-0,36 (0,64 | 1 | 0) -0,22 (0,45 | 1 | 0) 
P000405;1,6;0,34;5;0,6;;;;;;Sim/B/B02 ;1,5 (0,63 | 2 | 0) 
P000406;1,9;0,32;6;0,67;Sim/B/B02;1,87;0,35;3;0,33;Sim/B/B02 ;1,87 (0,35 | 3 | 0,33) 
P000407;-4,14;0,81;6;0;Sim/A/A02;-3,06;0,78;3;0;;
P000408;3,77;0,65;6;1;;;;;;;
P000409;-1,1;0,18;6;0,33;;;;;;Sim/A/A06 Sim/B/B01 ;-1,15 (0,37 | 2 | 0) -1,1 (5,17 | 1 | 0) 
P000410;-0,58;0,2;5;0,4;;;;;;Sim/A/A07 Sim/B/B01 Sim/C/C01 ;-0,65 (0,36 | 1 | 0) -0,59 (1,15 | 1 | 0) -0,61 (0,52 | 1 | 0) 
P000411;-3,04;0,57;6;0,17;Sim/A/A02;-3,12;0,9;3;0;Sim/A/A02 Sim/A/A06 Sim/B/B01 ;-3,12 (0,9 | 3 | 0) -3,04 (137,96 | 1 | 0) -3,04 (1648,51 | 1 | 0) 
P000412;-0,47;0,18;5;0,4;;;;;;Sim/B/B01 Sim/B/B02 Sim/C/C01 ;-0,48 (0,84 | 1 | 0) -0,52 (0,38 | 1 | 0) -0,51 (0,42 | 1 | 0) 
P000413;0,23;0,19;6;0,33;;;;;;Sim/A/A04 Sim/B/B02 Sim/B/B03 ;0,11 (0,35 | 1 | 0) 0,19 (0,47 | 1 | 0) 0,22 (0,7 | 1 | 0) 
P000414;-0,92;0,18;6;0,5;;;;;;Sim/A/A06 Sim/B/B01 ;-1,01 (0,3 | 2 | 0) -0,92 (3,03 | 1 | 0) 
P000415;3,07;0,31;6;0,83;;;;;;Sim/C/C10 ;3 (0,52 | 1 | 0) 
P000416;2,36;0,35;6;0,67;;;;;;Sim/B/B04 ;2,28 (0,58 | 2 | 0) 
P000417;-4,14;0,81;6;0;Sim/A/A02;-3,06;0,78;3;0;;
P000418;-3,04;0,57;6;0,17;Sim/A/A02;-3,12;0,9;3;0;Sim/A/A02 Sim/A/A06 Sim/B/B01 ;-3,12 (0,9 | 3 | 0) -3,04 (137,96 | 1 | 0) -3,04 (1648,51 | 1 | 0) 
P000419;-2,09;0,33;6;0,33;Sim/A/A02;-2,16;0,4;3;0,33;Sim/A/A02 Sim/A/A06 Sim/B/B01 ;-2,16 (0,4 | 3 | 0,33) -2,09 (9,77 | 1 | 0) -2,09 (96,87 | 1 | 0) 
P000420;-1,37;0,24;6;0,5;Sim/A/A02;-1,49;0,3;3;0,67;Sim/A/A02 Sim/A/A06 Sim/B/B01 ;-1,49 (0,3 | 3 | 0,67) -1,37 (1,37 | 1 | 0) -1,37 (11,45 | 1 | 0) 
P000421;3,77;0,65;6;1;;;;;;;
P000422;3,77;0,65;6;1;;;;;;;
P000423;-4,14;0,81;6;0;Sim/A/A02;-3,06;0,78;3;0;;
P000424;1,6;0,34;5;0,6;;;;;;Sim/B/B02 ;1,5 (0,63 | 2 | 0) 
P000425;2,76;0,27;6;0,83;;;;;;Sim/B/B04 ;2,76 (0,27 | 2 | 0,5) 
P000426;-1,67;0,22;6;0,33;Sim/A/A02;-1,51;0,29;3;0,67;Sim/A/A04 Sim/A/A06 Sim/B/B01 ;-1,74 (0,4 | 1 | 0) -1,67 (3,07 | 1 | 0) -1,67 (27,96 | 1 | 0) 
P000427;-2,09;0,33;6;0,33;Sim/A/A02;-2,16;0,4;3;0,33;Sim/A/A02 Sim/A/A06 Sim/B/B01 ;-2,16 (0,4 | 3 | 0,33) -2,09 (9,77 | 1 | 0) -2,09 (96,87 | 1 | 0) 
P000428;-4,14;0,81;6;0;Sim/A/A02;-3,06;0,78;3;0;;
P000429;3,07;0,31;6;0,83;;;;;;Sim/C/C10 ;3 (0,52 | 1 | 0) 
P000430;3,77;0,65;6;1;;;;;;;
P000431;3,07;0,31;6;0,83;;;;;;Sim/C/C10 ;3 (0,52 | 1 | 0) 
P000432;3,77;0,65;6;1;;;;;;;
P000433;3,77;0,65;6;1;;;;;;;
P000434;2,36;0,35;6;0,67;;;;;;Sim/B/B04 ;2,28 (0,58 | 2 | 0) 
P000435;-4,14;0,81;6;0;Sim/A/A02;-3,06;0,78;3;0;;
P000436;0,87;0,2;6;0,67;;;;;;Sim/A/A02 Sim/B/B03 ;0,84 (0,53 | 1 | 0) 0,81 (0,27 | 2 | 0,5) 
P000437;2,36;0,35;6;0,67;;;;;;Sim/B/B04 ;2,28 (0,58 | 2 | 0) 
P000438;-3,04;0,57;6;0,17;Sim/A/A02;-3,12;0,9;3;0;Sim/A/A02 Sim/A/A06 Sim/B/B01 ;-3,12 (0,9 | 3 | 0) -3,04 (137,96 | 1 | 0) -3,04 (1648,51 | 1 | 0) 
P000439;2,76;0,27;6;0,83;;;;;;Sim/B/B04 ;2,76 (0,27 | 2 | 0,5) 
P000440;-4,14;0,81;6;0;Sim/A/A02;-3,06;0,78;3;0;;
P000441;-3,04;0,57;6;0,17;Sim/A/A02;-3,12;0,9;3;0;Sim/A/A02 Sim/A/A06 Sim/B/B01 ;-3,12 (0,9 | 3 | 0) -3,04 (137,96 | 1 | 0) -3,04 (1648,51 | 1 | 0) 
P000442;2,36;0,35;6;0,67;;;;;;Sim/B/B04 ;2,28 (0,58 | 2 | 0) 
P000443;-4,14;0,81;6;0;Sim/A/A02;-3,06;0,78;3;0;;
P000444;-1,94;0,23;6;0,17;Sim/A/A02;-1,9;0,25;3;0,33;Sim/A/A04 Sim/A/A06 Sim/B/B01 ;-1,97 (0,62 | 1 | 0) -1,94 (6,51 | 1 | 0) -1,94 (62,71 | 1 | 0) 
P000445;3,77;0,65;6;1;;;;;;;
P000446;2,36;0,35;6;0,67;;;;;;Sim/B/B04 ;2,28 (0,58 | 2 | 0) 
P000447;-1,67;0,22;6;0,33;Sim/A/A02;-1,51;0,29;3;0,67;Sim/A/A04 Sim/A/A06 Sim/B/B01 ;-1,74 (0,4 | 1 | 0) -1,67 (3,07 | 1 | 0) -1,67 (27,96 | 1 | 0) 
P000448;2,36;0,35;6;0,67;;;;;;Sim/B/B04 ;2,28 (0,58 | 2 | 0) 
P000449;3,07;0,31;6;0,83;;;;;;Sim/C/C10 ;3 (0,52 | 1 | 0) 
P000450;-0,17;0,22;4;0,5;;;;;;Sim/A/A04 Sim/B/B01 ;-0,36 (0,64 | 1 | 0) -0,22 (0,45 | 1 | 0) 
P000451;-2,09;0,33;6;0,33;Sim/A/A02;-2,16;0,4;3;0,33;Sim/A/A02 Sim/A/A06 Sim/B/B01 ;-2,16 (0,4 | 3 | 0,33) -2,09 (9,77 | 1 | 0) -2,09 (96,87 | 1 | 0) 
P000452;-1,44;0,22;6;0,33;;;;;;Sim/A/A04 Sim/A/A06 Sim/B/B01 ;-1,58 (0,32 | 2 | 0) -1,44 (1,64 | 1 | 0) -1,44 (14,01 | 1 | 0) 
P000453;3,77;0,65;6;1;;;;;;;
P000454;-1,73;0,24;6;0,17;;;;;;Sim/A/A04 Sim/A/A06 Sim/B/B01 ;-1,8 (0,42 | 2 | 0) -1,73 (3,67 | 1 | 0) -1,73 (33,81 | 1 | 0) 
P000455;0,58;0,18;5;0,6;;;;;;Sim/B/B03 ;0,47 (0,41 | 1 | 0) 
P000456;3,77;0,65;6;1;;;;;;;
P000457;3,77;0,65;6;1;;;;;;;
P000458;-0,78;0,2;6;0,5;;;;;;Sim/A/A07 Sim/B/B01 ;-0,82 (0,47 | 1 | 0) -0,78 (2 | 1 | 0) 
P000459;-0,08;0,19;6;0,33;;;;;;Sim/A/A04 Sim/C/C03 ;-0,2 (0,29 | 2 | 0) -0,09 (1,1 | 1 | 0) 
P000460;-4,14;0,81;6;0;Sim/A/A02;-3,06;0,78;3;0;;
P000461;1,3;0,22;6;0,67;Sim/B/B01;1,39;0,44;3;0,67
P000461;1,3;0,22;6;0,67;Sim/B/B03;1,26;0,26;3;0,67;Sim/B/B03 ;1,26 (0,26 | 3 | 0,67) 
P000462;-2,09;0,33;6;0,33;Sim/A/A02;-2,16;0,4;3;0,33;Sim/A/A02 Sim/A/A06 Sim/B/B01 ;-2,16 (0,4 | 3 | 0,33) -2,09 (9,77 | 1 | 0) -2,09 (96,87 | 1 | 0) 
P000463;1,6;0,34;5;0,6;;;;;;Sim/B/B02 ;1,5 (0,63 | 2 | 0) 
P000464;1,6;0,34;5;0,6;;;;;;Sim/B/B02 ;1,5 (0,63 | 2 | 0) 
P000465;-4,14;0,81;6;0;Sim/A/A02;-3,06;0,78;3;0;;
P000466;-0,92;0,18;6;0,5;;;;;;Sim/A/A06 Sim/B/B01 ;-1,01 (0,3 | 2 | 0) -0,92 (3,03 | 1 | 0) 
P000467;-0,47;0,18;5;0,4;;;;;;Sim/B/B01 Sim/B/B02 Sim/C/C01 ;-0,48 (0,84 | 1 | 0) -0,52 (0,38 | 1 | 0) -0,51 (0,42 | 1 | 0) 
P000468;-3,04;0,57;6;0,17;Sim/A/A02;-3,12;0,9;3;0;Sim/A/A02 Sim/A/A06 Sim/B/B01 ;-3,12 (0,9 | 3 | 0) -3,04 (137,96 | 1 | 0) -3,04 (1648,51 | 1 | 0) 
P000469;3,77;0,65;6;1;;;;;;;
P000470;-4,14;0,81;6;0;Sim/A/A02;-3,06;0,78;3;0;;
P000471;-0,47;0,18;5;0,4;;;;;;Sim/B/B01 Sim/B/B02 Sim/C/C01 ;-0,48 (0,84 | 1 | 0) -0,52 (0,38 | 1 | 0) -0,51 (0,42 | 1 | 0) 
P000472;0,75;0,23;5;0,4;Sim/B/B03;0,81;0,26;3;0,33;Sim/B/B01 ;0,53 (0,54 | 2 | 0,5) 
P000473;-1,03;0,23;6;0,17;;;;;;Sim/A/A04 Sim/A/A07 Sim/B/B01 Sim/C/C01 ;-1,15 (0,35 | 1 | 0) -1,04 (0,74 | 1 | 0) -1,03 (4,17 | 1 | 0) -1,03 (1,64 | 1 | 0) 
P000474;0,75;0,23;5;0,4;Sim/B/B03;0,81;0,26;3;0,33;Sim/B/B01 ;0,53 (0,54 | 2 | 0,5) 
P000475;-0,17;0,22;4;0,5;;;;;;Sim/A/A04 Sim/B/B01 ;-0,36 (0,64 | 1 | 0) -0,22 (0,45 | 1 | 0) 
P000476;-2,09;0,33;6;0,33;Sim/A/A02;-2,16;0,4;3;0,33;Sim/A/A02 Sim/A/A06 Sim/B/B01 ;-2,16 (0,4 | 3 | 0,33) -2,09 (9,77 | 1 | 0) -2,09 (96,87 | 1 | 0) 
P000477;-0,92;0,18;6;0,5;;;;;;Sim/A/A06 Sim/B/B01 ;-1,01 (0,3 | 2 | 0) -0,92 (3,03 | 1 | 0) 
P000478;0,7;0,19;5;0,6;;;;;;Sim/B/B03 ;0,27 (0,55 | 2 | 0) 
P000479;-4,14;0,81;6;0;Sim/A/A02;-3,06;0,78;3;0;;
P000480;-3,04;0,57;6;0,17;Sim/A/A02;-3,12;0,9;3;0;Sim/A/A02 Sim/A/A06 Sim/B/B01 ;-3,12 (0,9 | 3 | 0) -3,04 (137,96 | 1 | 0) -3,04 (1648,51 | 1 | 0) 
P000481;-2,09;0,33;6;0,33;Sim/A/A02;-2,16;0,4;3;0,33;Sim/A/A02 Sim/A/A06 Sim/B/B01 ;-2,16 (0,4 | 3 | 0,33) -2,09 (9,77 | 1 | 0) -2,09 (96,87 | 1 | 0) 
P000482;-1,18;0,22;5;0,4;;;;;;Sim/A/A04 Sim/A/A06 Sim/B/B01 ;-1,33 (0,3 | 2 | 0,5) -1,19 (0,85 | 1 | 0) -1,18 (6,49 | 1 | 0) 
P000483;-0,58;0,2;5;0,4;;;;;;Sim/A/A07 Sim/B/B01 Sim/C/C01 ;-0,65 (0,36 | 1 | 0) -0,59 (1,15 | 1 | 0) -0,61 (0,52 | 1 | 0) 
P000484;-4,14;0,81;6;0;Sim/A/A02;-3,06;0,78;3;0;;
P000485;-0,92;0,18;6;0,5;;;;;;Sim/A/A06 Sim/B/B01 ;-1,01 (0,3 | 2 | 0) -0,92 (3,03 | 1 | 0) 
P000486;0,75;0,23;5;0,4;Sim/B/B03;0,81;0,26;3;0,33;Sim/B/B01 ;0,53 (0,54 | 2 | 0,5) 
P000487;1,6;0,34;5;0,6;;;;;;Sim/B/B02 ;1,5 (0,63 | 2 | 0) 
P000488;3,77;0,65;6;1;;;;;;;
P000489;3,77;0,65;6;1;;;;;;;
P000490;-0,58;0,2;5;0,4;;;;;;Sim/A/A07 Sim/B/B01 Sim/C/C01 ;-0,65 (0,36 | 1 | 0) -0,59 (1,15 | 1 | 0) -0,61 (0,52 | 1 | 0) 
P000491;1,9;0,32;6;0,67;Sim/B/B02;1,87;0,35;3;0,33;Sim/B/B02 ;1,87 (0,35 | 3 | 0,33) 
P000492;-2,09;0,33;6;0,33;Sim/A/A02;-2,16;0,4;3;0,33;Sim/A/A02 Sim/A/A06 Sim/B/B01 ;-2,16 (0,4 | 3 | 0,33) -2,09 (9,77 | 1 | 0) -2,09 (96,87 | 1 | 0) 
P000493;-4,14;0,81;6;0;Sim/A/A02;-3,06;0,78;3;0;;
P000494;3,77;0,65;6;1;;;;;;;
P000495;-3,04;0,57;6;0,17;Sim/A/A02;-3,12;0,9;3;0;Sim/A/A02 Sim/A/A06 Sim/B/B01 ;-3,12 (0,9 | 3 | 0) -3,04 (137,96 | 1 | 0) -3,04 (1648,51 | 1 | 0) 
P000496;0,33;0,23;4;0,5;;;;;;Sim/B/B03 Sim/C/C03 ;0,3 (0,58 | 1 | 0) 0,27 (0,45 | 1 | 0) 
P000497;-4,14;0,81;6;0;Sim/A/A02;-3,06;0,78;3;0;;
P000498;-0,08;0,19;6;0,33;;;;;;Sim/A/A04 Sim/C/C03 ;-0,2 (0,29 | 2 | 0) -0,09 (1,1 | 1 | 0) 
P000499;1,6;0,34;5;0,6;;;;;;Sim/B/B02 ;1,5 (0,63 | 2 | 0) 
P000500;-1,54;0,22;6;0,33;Sim/A/A02;-1,77;0,28;3;0,33;Sim/A/A02 Sim/A/A06 Sim/B/B01 ;-1,77 (0,28 | 3 | 0,33) -1,55 (2,19 | 1 | 0) -1,54 (19,32 | 1 | 0) 
P000501;-3,04;0,57;6;0,17;Sim/A/A02;-3,12;0,9;3;0;Sim/A/A02 Sim/A/A06 Sim/B/B01 ;-3,12 (0,9 | 3 | 0) -3,04 (137,96 | 1 | 0) -3,04 (1648,51 | 1 | 0) 
P000502;-1,18;0,22;5;0,4;;;;;;Sim/A/A04 Sim/A/A06 Sim/B/B01 ;-1,33 (0,3 | 2 | 0,5) -1,19 (0,85 | 1 | 0) -1,18 (6,49 | 1 | 0) 
P000503;-1,67;0,22;6;0,33;Sim/A/A02;-1,51;0,29;3;0,67;Sim/A/A04 Sim/A/A06 Sim/B/B01 ;-1,74 (0,4 | 1 | 0) -1,67 (3,07 | 1 | 0) -1,67 (27,96 | 1 | 0) 
P000504;-4,14;0,81;6;0;Sim/A/A02;-3,06;0,78;3;0;;
P000505;-2,09;0,33;6;0,33;Sim/A/A02;-2,16;0,4;3;0,33;Sim/A/A02 Sim/A/A06 Sim/B/B01 ;-2,16 (0,4 | 3 | 0,33) -2,09 (9,77 | 1 | 0) -2,09 (96,87 | 1 | 0) 
P000506;3,77;0,65;6;1;;;;;;;
P000507;-2,09;0,33;6;0,33;Sim/A/A02;-2,16;0,4;3;0,33;Sim/A/A02 Sim/A/A06 Sim/B/B01 ;-2,16 (0,4 | 3 | 0,33) -2,09 (9,77 | 1 | 0) -2,09 (96,87 | 1 | 0) 
P000508;-2,53;0,28;6;0,17;Sim/A/A02;-2,16;0,4;3;0,33;Sim/A/A05 Sim/A/A06 Sim/B/B01 ;-2,67 (0,44 | 1 | 0) -2,53 (33,94 | 1 | 0) -2,53 (367,56 | 1 | 0) 
P000509;0,09;0,2;5;0,4;;;;;;Sim/A/A04 Sim/B/B03 Sim/C/C03 ;-0,05 (0,27 | 2 | 0,5) 0,09 (0,99 | 1 | 0) 0,08 (0,7 | 1 | 0) 
P000510;1,6;0,34;5;0,6;;;;;;Sim/B/B02 ;1,5 (0,63 | 2 | 0) 
P000511;-2,09;0,33;6;0,33;Sim/A/A02;-2,16;0,4;3;0,33;Sim/A/A02 Sim/A/A06 Sim/B/B01 ;-2,16 (0,4 | 3 | 0,33) -2,09 (9,77 | 1 | 0) -2,09 (96,87 | 1 | 0) 
P000512;-3,04;0,57;6;0,17;Sim/A/A02;-3,12;0,9;3;0;Sim/A/A02 Sim/A/A06 Sim/B/B01 ;-3,12 (0,9 | 3 | 0) -3,04 (137,96 | 1 | 0) -3,04 (1648,51 | 1 | 0) 
P000513;0,58;0,18;5;0,6;;;;;;Sim/B/B03 ;0,47 (0,41 | 1 | 0) 
P000514;-1,44;0,22;6;0,33;;;;;;Sim/A/A04 Sim/A/A06 Sim/B/B01 ;-1,58 (0,32 | 2 | 0) -1,44 (1,64 | 1 | 0) -1,44 (14,01 | 1 | 0) 
P000515;1,6;0,34;5;0,6;;;;;;Sim/B/B02 ;1,5 (0,63 | 2 | 0) 
P000516;-3,04;0,57;6;0,17;Sim/A/A02;-3,12;0,9;3;0;Sim/A/A02 Sim/A/A06 Sim/B/B01 ;-3,12 (0,9 | 3 | 0) -3,04 (137,96 | 1 | 0) -3,04 (1648,51 | 1 | 0) 
P000517;3,77;0,65;6;1;;;;;;;
P000518;-0,78;0,19;6;0,33;;;;;;Sim/A/A07 Sim/B/B01 Sim/C/C01 ;-0,81 (0,45 | 1 | 0) -0,78 (2,01 | 1 | 0) -0,79 (0,83 | 1 | 0) 
P000519;3,07;0,31;6;0,83;;;;;;Sim/C/C10 ;3 (0,52 | 1 | 0) 
P000520;-4,14;0,81;6;0;Sim/A/A02;-3,06;0,78;3;0;;
P000521;1,9;0,32;6;0,67;Sim/B/B02;1,87;0,35;3;0,33;Sim/B/B02 ;1,87 (0,35 | 3 | 0,33) 
P000522;2,36;0,35;6;0,67;;;;;;Sim/B/B04 ;2,28 (0,58 | 2 | 0) 
P000523;0,03;0,19;5;0,6;;;;;;Sim/B/B01 Sim/B/B02 ;-0,05 (0,35 | 1 | 0) -0,01 (0,49 | 1 | 0) 
P000524;0,7;0,19;5;0,6;;;;;;Sim/B/B03 ;0,27 (0,55 | 2 | 0) 
P000525;-0,58;0,2;5;0,4;;;;;;Sim/A/A07 Sim/B/B01 Sim/C/C01 ;-0,65 (0,36 | 1 | 0) -0,59 (1,15 | 1 | 0) -0,61 (0,52 | 1 | 0) 
P000526;-0,17;0,22;4;0,5;;;;;;Sim/A/A04 Sim/B/B01 ;-0,36 (0,64 | 1 | 0) -0,22 (0,45 | 1 | 0) 
P000527;-4,14;0,81;6;0;Sim/A/A02;-3,06;0,78;3;0;;
P000528;-1,18;0,22;5;0,4;;;;;;Sim/A/A04 Sim/A/A06 Sim/B/B01 ;-1,33 (0,3 | 2 | 0,5) -1,19 (0,85 | 1 | 0) -1,18 (6,49 | 1 | 0) 
P000529;-0,08;0,19;6;0,33;;;;;;Sim/A/A04 Sim/C/C03 ;-0,2 (0,29 | 2 | 0) -0,09 (1,1 | 1 | 0) 
P000530;2,36;0,35;6;0,67;;;;;;Sim/B/B04 ;2,28 (0,58 | 2 | 0) 
P000531;-1,94;0,23;6;0,17;Sim/A/A02;-1,9;0,25;3;0,33;Sim/A/A04 Sim/A/A06 Sim/B/B01 ;-1,97 (0,62 | 1 | 0) -1,94 (6,51 | 1 | 0) -1,94 (62,71 | 1 | 0) 
P000532;-1,18;0,22;5;0,4;;;;;;Sim/A/A04 Sim/A/A06 Sim/B/B01 ;-1,33 (0,3 | 2 | 0,5) -1,19 (0,85 | 1 | 0) -1,18 (6,49 | 1 | 0) 
P000533;1,6;0,34;5;0,6;;;;;;Sim/B/B02 ;1,5 (0,63 | 2 | 0) 
P000534;-3,04;0,57;6;0,17;Sim/A/A02;-3,12;0,9;3;0;Sim/A/A02 Sim/A/A06 Sim/B/B01 ;-3,12 (0,9 | 3 | 0) -3,04 (137,96 | 1 | 0) -3,04 (1648,51 | 1 | 0) 
P000535;-1,18;0,22;5;0,4;;;;;;Sim/A/A04 Sim/A/A06 Sim/B/B01 ;-1,33 (0,3 | 2 | 0,5) -1,19 (0,85 | 1 | 0) -1,18 (6,49 | 1 | 0) 
P000536;-0,17;0,22;4;0,5;;;;;;Sim/A/A04 Sim/B/B01 ;-0,36 (0,64 | 1 | 0) -0,22 (0,45 | 1 | 0) 
P000537;1,14;0,2;6;0,67;Sim/B/B03;1,31;0,24;4;0,75;Sim/B/B01 ;0,53 (0,54 | 2 | 0,5) 
P000538;-0,92;0,18;6;0,5;;;;;;Sim/A/A06 Sim/B/B01 ;-1,01 (0,3 | 2 | 0) -0,92 (3,03 | 1 | 0) 
P000539;-3,04;0,57;6;0,17;Sim/A/A02;-3,12;0,9;3;0;Sim/A/A02 Sim/A/A06 Sim/B/B01 ;-3,12 (0,9 | 3 | 0) -3,04 (137,96 | 1 | 0) -3,04 (1648,51 | 1 | 0) 
P000540;3,77;0,65;6;1;;;;;;;
P000541;-4,14;0,81;6;0;Sim/A/A02;-3,06;0,78;3;0;;
P000542;1,01;0,21;6;0,5;Sim/B/B03;0,9;0,3;3;0,33;Sim/A/A02 Sim/B/B03 ;0,95 (0,46 | 1 | 0) 0,9 (0,3 | 3 | 0,33) 
P000543;0,33;0,23;4;0,5;;;;;;Sim/B/B03 Sim/C/C03 ;0,3 (0,58 | 1 | 0) 0,27 (0,45 | 1 | 0) 
P000544;-3,04;0,57;6;0,17;Sim/A/A02;-3,12;0,9;3;0;Sim/A/A02 Sim/A/A06 Sim/B/B01 ;-3,12 (0,9 | 3 | 0) -3,04 (137,96 | 1 | 0) -3,04 (1648,51 | 1 | 0) 
P000545;0,7;0,19;5;0,6;;;;;;Sim/B/B03 ;0,27 (0,55 | 2 | 0) 
P000546;-4,14;0,81;6;0;Sim/A/A02;-3,06;0,78;3;0;;
P000547;-3,04;0,57;6;0,17;Sim/A/A02;-3,12;0,9;3;0;Sim/A/A02 Sim/A/A06 Sim/B/B01 ;-3,12 (0,9 | 3 | 0) -3,04 (137,96 | 1 | 0) -3,04 (1648,51 | 1 | 0) 
P000548;-0,17;0,22;4;0,5;;;;;;Sim/A/A04 Sim/B/B01 ;-0,36 (0,64 | 1 | 0) -0,22 (0,45 | 1 | 0) 
P000549;-0,29;0,18;6;0,5;;;;;;Sim/B/B01 Sim/C/C01 ;-0,31 (0,55 | 1 | 0) -0,36 (0,35 | 1 | 0) 
P000550;-0,78;0,2;6;0,5;;;;;;Sim/A/A07 Sim/B/B01 ;-0,82 (0,47 | 1 | 0) -0,78 (2 | 1 | 0) 
P000551;-0,47;0,18;5;0,4;;;;;;Sim/B/B01 Sim/B/B02 Sim/C/C01 ;-0,48 (0,84 | 1 | 0) -0,52 (0,38 | 1 | 0) -0,51 (0,42 | 1 | 0) 
P000552;1,9;0,32;6;0,67;Sim/B/B02;1,87;0,35;3;0,33;Sim/B/B02 ;1,87 (0,35 | 3 | 0,33) 
P000553;0,03;0,19;5;0,6;;;;;;Sim/B/B01 Sim/B/B02 ;-0,05 (0,35 | 1 | 0) -0,01 (0,49 | 1 | 0) 
P000554;-4,14;0,81;6;0;Sim/A/A02;-3,06;0,78;3;0;;
P000555;3,77;0,65;6;1;;;;;;;
P000556;-0,32;0,22;6;0,17;;;;;;Sim/A/A04 Sim/B/B02 Sim/C/C03 ;-0,4 (0,38 | 2 | 0) -0,37 (0,34 | 1 | 0) -0,32 (2,18 | 1 | 0) 
P000557;-4,14;0,81;6;0;Sim/A/A02;-3,06;0,78;3;0;;
P000558;3,07;0,31;6;0,83;;;;;;Sim/C/C10 ;3 (0,52 | 1 | 0) 
P000559;1,01;0,21;6;0,5;Sim/B/B03;0,9;0,3;3;0,33;Sim/A/A02 Sim/B/B03 ;0,95 (0,46 | 1 | 0) 0,9 (0,3 | 3 | 0,33) 
P000560;-4,14;0,81;6;0;Sim/A/A02;-3,06;0,78;3;0;;
P000561;3,77;0,65;6;1;;;;;;;
P000562;3,77;0,65;6;1;;;;;;;
P000563;3,77;0,65;6;1;;;;;;;
P000564;3,77;0,65;6;1;;;;;;;
P000565;-3,04;0,57;6;0,17;Sim/A/A02;-3,12;0,9;3;0;Sim/A/A02 Sim/A/A06 Sim/B/B01 ;-3,12 (0,9 | 3 | 0) -3,04 (137,96 | 1 | 0) -3,04 (1648,51 | 1 | 0) 
P000566;-3,04;0,57;6;0,17;Sim/A/A02;-3,12;0,9;3;0;Sim/A/A02 Sim/A/A06 Sim/B/B01 ;-3,12 (0,9 | 3 | 0) -3,04 (137,96 | 1 | 0) -3,04 (1648,51 | 1 | 0) 
P000567;3,77;0,65;6;1;;;;;;;
P000568;-3,04;0,57;6;0,17;Sim/A/A02;-3,12;0,9;3;0;Sim/A/A02 Sim/A/A06 Sim/B/B01 ;-3,12 (0,9 | 3 | 0) -3,04 (137,96 | 1 | 0) -3,04 (1648,51 | 1 | 0) 
P000569;-4,14;0,81;6;0;Sim/A/A02;-3,06;0,78;3;0;;
P000570;3,77;0,65;6;1;;;;;;;
P000571;3,77;0,65;6;1;;;;;;;
P000572;3,77;0,65;6;1;;;;;;;
P000573;0,33;0,23;4;0,5;;;;;;Sim/B/B03 Sim/C/C03 ;0,3 (0,58 | 1 | 0) 0,27 (0,45 | 1 | 0) 
P000574;1,2;0,2;6;0,67;Sim/B/B03;0,9;0,3;3;0,33;Sim/B/B03 ;0,9 (0,3 | 3 | 0,33) 
P000575;-3,04;0,57;6;0,17;Sim/A/A02;-3,12;0,9;3;0;Sim/A/A02 Sim/A/A06 Sim/B/B01 ;-3,12 (0,9 | 3 | 0) -3,04 (137,96 | 1 | 0) -3,04 (1648,51 | 1 | 0) 
P000576;-2,09;0,33;6;0,33;Sim/A/A02;-2,16;0,4;3;0,33;Sim/A/A02 Sim/A/A06 Sim/B/B01 ;-2,16 (0,4 | 3 | 0,33) -2,09 (9,77 | 1 | 0) -2,09 (96,87 | 1 | 0) 
P000577;3,77;0,65;6;1;;;;;;;
P000578;-3,04;0,57;6;0,17;Sim/A/A02;-3,12;0,9;3;0;Sim/A/A02 Sim/A/A06 Sim/B/B01 ;-3,12 (0,9 | 3 | 0) -3,04 (137,96 | 1 | 0) -3,04 (1648,51 | 1 | 0) 
P000579;-0,29;0,18;6;0,5;;;;;;Sim/B/B01 Sim/C/C01 ;-0,31 (0,55 | 1 | 0) -0,36 (0,35 | 1 | 0) 
P000580;1,6;0,34;5;0,6;;;;;;Sim/B/B02 ;1,5 (0,63 | 2 | 0) 
P000581;3,77;0,65;6;1;;;;;;;
P000582;0,75;0,23;5;0,4;Sim/B/B03;0,81;0,26;3;0,33;Sim/B/B01 ;0,53 (0,54 | 2 | 0,5) 
P000583;3,77;0,65;6;1;;;;;;;
P000584;-3,04;0,57;6;0,17;Sim/A/A02;-3,12;0,9;3;0;Sim/A/A02 Sim/A/A06 Sim/B/B01 ;-3,12 (0,9 | 3 | 0) -3,04 (137,96 | 1 | 0) -3,04 (1648,51 | 1 | 0) 
P000585;3,07;0,31;6;0,83;;;;;;Sim/C/C10 ;3 (0,52 | 1 | 0) 
P000586;3,77;0,65;6;1;;;;;;;
P000587;3,07;0,31;6;0,83;;;;;;Sim/C/C10 ;3 (0,52 | 1 | 0) 
P000588;3,07;0,31;6;0,83;;;;;;Sim/C/C10 ;3 (0,52 | 1 | 0) 
P000589;-0,78;0,19;6;0,33;;;;;;Sim/A/A07 Sim/B/B01 Sim/C/C01 ;-0,81 (0,45 | 1 | 0) -0,78 (2,01 | 1 | 0) -0,79 (0,83 | 1 | 0) 
P000590;-4,14;0,81;6;0;Sim/A/A02;-3,06;0,78;3;0;;
P000591;3,77;0,65;6;1;;;;;;;
P000592;0,75;0,23;5;0,4;Sim/B/B03;0,81;0,26;3;0,33;Sim/B/B01 ;0,53 (0,54 | 2 | 0,5) 
P000593;0,97;0,2;6;0,5;Sim/B/B03;1,07;0,23;4;0,5;Sim/B/B01 ;0,53 (0,54 | 2 | 0,5) 
P000594;3,07;0,31;6;0,83;;;;;;Sim/C/C10 ;3 (0,52 | 1 | 0) 
P000595;-4,14;0,81;6;0;Sim/A/A02;-3,06;0,78;3;0;;
P000596;3,77;0,65;6;1;;;;;;;
P000597;0,7;0,19;5;0,6;;;;;;Sim/B/B03 ;0,27 (0,55 | 2 | 0) 
P000598;-2,53;0,28;6;0,17;Sim/A/A02;-2,16;0,4;3;0,33;Sim/A/A05 Sim/A/A06 Sim/B/B01 ;-2,67 (0,44 | 1 | 0) -2,53 (33,94 | 1 | 0) -2,53 (367,56 | 1 | 0) 
P000599;-4,14;0,81;6;0;Sim/A/A02;-3,06;0,78;3;0;;
P000600;-1,37;0,24;6;0,5;Sim/A/A02;-1,49;0,3;3;0,67;Sim/A/A02 Sim/A/A06 Sim/B/B01 ;-1,49 (0,3 | 3 | 0,67) -1,37 (1,37 | 1 | 0) -1,37 (11,45 | 1 | 0) 
P000601;2,36;0,35;6;0,67;;;;;;Sim/B/B04 ;2,28 (0,58 | 2 | 0) 
P000602;-0,29;0,18;6;0,5;;;;;;Sim/B/B01 Sim/C/C01 ;-0,31 (0,55 | 1 | 0) -0,36 (0,35 | 1 | 0) 
P000603;0,58;0,18;5;0,6;;;;;;Sim/B/B03 ;0,47 (0,41 | 1 | 0) 
P000604;-3,04;0,57;6;0,17;Sim/A/A02;-3,12;0,9;3;0;Sim/A/A02 Sim/A/A06 Sim/B/B01 ;-3,12 (0,9 | 3 | 0) -3,04 (137,96 | 1 | 0) -3,04 (1648,51 | 1 | 0) 
P000605;-1,18;0,22;5;0,4;;;;;;Sim/A/A04 Sim/A/A06 Sim/B/B01 ;-1,33 (0,3 | 2 | 0,5) -1,19 (0,85 | 1 | 0) -1,18 (6,49 | 1 | 0) 
P000606;-2,09;0,33;6;0,33;Sim/A/A02;-2,16;0,4;3;0,33;Sim/A/A02 Sim/A/A06 Sim/B/B01 ;-2,16 (0,4 | 3 | 0,33) -2,09 (9,77 | 1 | 0) -2,09 (96,87 | 1 | 0) 
P000607;3,77;0,65;6;1;;;;;;;
P000608;-4,14;0,81;6;0;Sim/A/A02;-3,06;0,78;3;0;;
P000609;-2,09;0,33;6;0,33;Sim/A/A02;-2,16;0,4;3;0,33;Sim/A/A02 Sim/A/A06 Sim/B/B01 ;-2,16 (0,4 | 3 | 0,33) -2,09 (9,77 | 1 | 0) -2,09 (96,87 | 1 | 0) 
P000610;3,77;0,65;6;1;;;;;;;
P000611;3,07;0,31;6;0,83;;;;;;Sim/C/C10 ;3 (0,52 | 1 | 0) 
P000612;-2,09;0,33;6;0,33;Sim/A/A02;-2,16;0,4;3;0,33;Sim/A/A02 Sim/A/A06 Sim/B/B01 ;-2,16 (0,4 | 3 | 0,33) -2,09 (9,77 | 1 | 0) -2,09 (96,87 | 1 | 0) 
P000613;0,33;0,23;4;0,5;;;;;;Sim/B/B03 Sim/C/C03 ;0,3 (0,58 | 1 | 0) 0,27 (0,45 | 1 | 0) 
P000614;3,77;0,65;6;1;;;;;;;
P000615;-4,14;0,81;6;0;Sim/A/A02;-3,06;0,78;3;0;;
P000616;-3,04;0,57;6;0,17;Sim/A/A02;-3,12;0,9;3;0;Sim/A/A02 Sim/A/A06 Sim/B/B01 ;-3,12 (0,9 | 3 | 0) -3,04 (137,96 | 1 | 0) -3,04 (1648,51 | 1 | 0) 
P000617;-3,04;0,57;6;0,17;Sim/A/A02;-3,12;0,9;3;0;Sim/A/A02 Sim/A/A06 Sim/B/B01 ;-3,12 (0,9 | 3 | 0) -3,04 (137,96 | 1 | 0) -3,04 (1648,51 | 1 | 0) 
P000618;-4,14;0,81;6;0;Sim/A/A02;-3,06;0,78;3;0;;
P000619;3,77;0,65;6;1;;;;;;;
P000620;3,77;0,65;6;1;;;;;;;
P000621;-4,14;0,81;6;0;Sim/A/A02;-3,06;0,78;3;0;;
P000622;-1,44;0,22;6;0,33;;;;;;Sim/A/A04 Sim/A/A06 Sim/B/B01 ;-1,58 (0,32 | 2 | 0) -1,44 (1,64 | 1 | 0) -1,44 (14,01 | 1 | 0) 
P000623;-0,17;0,22;4;0,5;;;;;;Sim/A/A04 Sim/B/B01 ;-0,36 (0,64 | 1 | 0) -0,22 (0,45 | 1 | 0) 
P000624;-3,04;0,57;6;0,17;Sim/A/A02;-3,12;0,9;3;0;Sim/A/A02 Sim/A/A06 Sim/B/B01 ;-3,12 (0,9 | 3 | 0) -3,04 (137,96 | 1 | 0) -3,04 (1648,51 | 1 | 0) 
P000625;-1,37;0,24;6;0,5;Sim/A/A02;-1,49;0,3;3;0,67;Sim/A/A02 Sim/A/A06 Sim/B/B01 ;-1,49 (0,3 | 3 | 0,67) -1,37 (1,37 | 1 | 0) -1,37 (11,45 | 1 | 0) 
P000626;1,3;0,22;6;0,67;Sim/B/B01;1,39;0,44;3;0,67
P000626;1,3;0,22;6;0,67;Sim/B/B03;1,26;0,26;3;0,67;Sim/B/B03 ;1,26 (0,26 | 3 | 0,67) 
P000627;-1,67;0,22;6;0,33;Sim/A/A02;-1,51;0,29;3;0,67;Sim/A/A04 Sim/A/A06 Sim/B/B01 ;-1,74 (0,4 | 1 | 0) -1,67 (3,07 | 1 | 0) -1,67 (27,96 | 1 | 0) 
P000628;3,77;0,65;6;1;;;;;;;
P000629;-0,54;0,22;6;0,67;;;;;;Sim/A/A06 Sim/B/B01 ;-0,77 (0,26 | 2 | 0,5) -0,55 (1,03 | 1 | 0) 
P000630;1,01;0,21;6;0,5;Sim/B/B03;0,9;0,3;3;0,33;Sim/A/A02 Sim/B/B03 ;0,95 (0,46 | 1 | 0) 0,9 (0,3 | 3 | 0,33) 
P000631;3,77;0,65;6;1;;;;;;;
P000632;-3,04;0,57;6;0,17;Sim/A/A02;-3,12;0,9;3;0;Sim/A/A02 Sim/A/A06 Sim/B/B01 ;-3,12 (0,9 | 3 | 0) -3,04 (137,96 | 1 | 0) -3,04 (1648,51 | 1 | 0) 
P000633;-1,67;0,22;6;0,33;Sim/A/A02;-1,51;0,29;3;0,67;Sim/A/A04 Sim/A/A06 Sim/B/B01 ;-1,74 (0,4 | 1 | 0) -1,67 (3,07 | 1 | 0) -1,67 (27,96 | 1 | 0) 
P000634;-3,04;0,57;6;0,17;Sim/A/A02;-3,12;0,9;3;0;Sim/A/A02 Sim/A/A06 Sim/B/B01 ;-3,12 (0,9 | 3 | 0) -3,04 (137,96 | 1 | 0) -3,04 (1648,51 | 1 | 0) 
P000635;0,33;0,23;4;0,5;;;;;;Sim/B/B03 Sim/C/C03 ;0,3 (0,58 | 1 | 0) 0,27 (0,45 | 1 | 0) 
P000636;3,77;0,65;6;1;;;;;;;
P000637;3,77;0,65;6;1;;;;;;;
P000638;3,07;0,31;6;0,83;;;;;;Sim/C/C10 ;3 (0,52 | 1 | 0) 
P000639;-4,14;0,81;6;0;Sim/A/A02;-3,06;0,78;3;0;;
P000640;3,77;0,65;6;1;;;;;;;
P000641;-3,04;0,57;6;0,17;Sim/A/A02;-3,12;0,9;3;0;Sim/A/A02 Sim/A/A06 Sim/B/B01 ;-3,12 (0,9 | 3 | 0) -3,04 (137,96 | 1 | 0) -3,04 (1648,51 | 1 | 0) 
P000642;3,77;0,65;6;1;;;;;;;
P000643;-4,14;0,81;6;0;Sim/A/A02;-3,06;0,78;3;0;;
P000644;-0,58;0,2;5;0,4;;;;;;Sim/A/A07 Sim/B/B01 Sim/C/C01 ;-0,65 (0,36 | 1 | 0) -0,59 (1,15 | 1 | 0) -0,61 (0,52 | 1 | 0) 
P000645;3,77;0,65;6;1;;;;;;;
P000646;-3,04;0,57;6;0,17;Sim/A/A02;-3,12;0,9;3;0;Sim/A/A02 Sim/A/A06 Sim/B/B01 ;-3,12 (0,9 | 3 | 0) -3,04 (137,96 | 1 | 0) -3,04 (1648,51 | 1 | 0) 
P000647;0,7;0,19;5;0,6;;;;;;Sim/B/B03 ;0,27 (0,55 | 2 | 0) 
P000648;-2,09;0,33;6;0,33;Sim/A/A02;-2,16;0,4;3;0,33;Sim/A/A02 Sim/A/A06 Sim/B/B01 ;-2,16 (0,4 | 3 | 0,33) -2,09 (9,77 | 1 | 0) -2,09 (96,87 | 1 | 0) 
P000649;-4,14;0,81;6;0;Sim/A/A02;-3,06;0,78;3;0;;
P000650;0,75;0,23;5;0,4;Sim/B/B03;0,81;0,26;3;0,33;Sim/B/B01 ;0,53 (0,54 | 2 | 0,5) 
P000651;-0,58;0,2;5;0,4;;;;;;Sim/A/A07 Sim/B/B01 Sim/C/C01 ;-0,65 (0,36 | 1 | 0) -0,59 (1,15 | 1 | 0) -0,61 (0,52 | 1 | 0) 
P000652;-4,14;0,81;6;0;Sim/A/A02;-3,06;0,78;3;0;;
P000653;-3,04;0,57;6;0,17;Sim/A/A02;-3,12;0,9;3;0;Sim/A/A02 Sim/A/A06 Sim/B/B01 ;-3,12 (0,9 | 3 | 0) -3,04 (137,96 | 1 | 0) -3,04 (1648,51 | 1 | 0) 
P000654;0,58;0,18;5;0,6;;;;;;Sim/B/B03 ;0,47 (0,41 | 1 | 0) 
P000655;1,14;0,2;6;0,67;Sim/B/B03;1,31;0,24;4;0,75;Sim/B/B01 ;0,53 (0,54 | 2 | 0,5) 
P000656;-0,58;0,2;5;0,4;;;;;;Sim/A/A07 Sim/B/B01 Sim/C/C01 ;-0,65 (0,36 | 1 | 0) -0,59 (1,15 | 1 | 0) -0,61 (0,52 | 1 | 0) 
P000657;2,36;0,35;6;0,67;;;;;;Sim/B/B04 ;2,28 (0,58 | 2 | 0) 
P000658;3,77;0,65;6;1;;;;;;;
P000659;0,7;0,19;5;0,6;;;;;;Sim/B/B03 ;0,27 (0,55 | 2 | 0) 
P000660;-1,37;0,24;6;0,5;Sim/A/A02;-1,49;0,3;3;0,67;Sim/A/A02 Sim/A/A06 Sim/B/B01 ;-1,49 (0,3 | 3 | 0,67) -1,37 (1,37 | 1 | 0) -1,37 (11,45 | 1 | 0) 
P000661;-4,14;0,81;6;0;Sim/A/A02;-3,06;0,78;3;0;;
P000662;-0,17;0,22;4;0,5;;;;;;Sim/A/A04 Sim/B/B01 ;-0,36 (0,64 | 1 | 0) -0,22 (0,45 | 1 | 0) 
P000663;2,36;0,35;6;0,67;;;;;;Sim/B/B04 ;2,28 (0,58 | 2 | 0) 
P000664;-1,18;0,22;5;0,4;;;;;;Sim/A/A04 Sim/A/A06 Sim/B/B01 ;-1,33 (0,3 | 2 | 0,5) -1,19 (0,85 | 1 | 0) -1,18 (6,49 | 1 | 0) 
P000665;2,32;0,33;6;0,83;Sim/B/B02;2,32;0,33;3;0,67;Sim/B/B02 ;2,32 (0,33 | 3 | 0,67) 
P000666;-4,14;0,81;6;0;Sim/A/A02;-3,06;0,78;3;0;;
P000667;2,76;0,27;6;0,83;;;;;;Sim/B/B04 ;2,76 (0,27 | 2 | 0,5) 
P000668;3,77;0,65;6;1;;;;;;;
P000669;-0,54;0,22;6;0,67;;;;;;Sim/A/A06 Sim/B/B01 ;-0,77 (0,26 | 2 | 0,5) -0,55 (1,03 | 1 | 0) 
P000670;0,7;0,19;5;0,6;;;;;;Sim/B/B03 ;0,27 (0,55 | 2 | 0) 
P000671;3,77;0,65;6;1;;;;;;;
P000672;3,77;0,65;6;1;;;;;;;
P000673;-3,04;0,57;6;0,17;Sim/A/A02;-3,12;0,9;3;0;Sim/A/A02 Sim/A/A06 Sim/B/B01 ;-3,12 (0,9 | 3 | 0) -3,04 (137,96 | 1 | 0) -3,04 (1648,51 | 1 | 0) 
P000674;-0,17;0,22;4;0,5;;;;;;Sim/A/A04 Sim/B/B01 ;-0,36 (0,64 | 1 | 0) -0,22 (0,45 | 1 | 0) 
P000675;-4,14;0,81;6;0;Sim/A/A02;-3,06;0,78;3;0;;
P000676;-2,09;0,33;6;0,33;Sim/A/A02;-2,16;0,4;3;0,33;Sim/A/A02 Sim/A/A06 Sim/B/B01 ;-2,16 (0,4 | 3 | 0,33) -2,09 (9,77 | 1 | 0) -2,09 (96,87 | 1 | 0) 
P000677;-1,37;0,24;6;0,5;Sim/A/A02;-1,49;0,3;3;0,67;Sim/A/A02 Sim/A/A06 Sim/B/B01 ;-1,49 (0,3 | 3 | 0,67) -1,37 (1,37 | 1 | 0) -1,37 (11,45 | 1 | 0) 
P000678;1,6;0,34;5;0,6;;;;;;Sim/B/B02 ;1,5 (0,63 | 2 | 0) 
P000679;3,77;0,65;6;1;;;;;;;
P000680;-1,37;0,24;6;0,5;Sim/A/A02;-1,49;0,3;3;0,67;Sim/A/A02 Sim/A/A06 Sim/B/B01 ;-1,49 (0,3 | 3 | 0,67) -1,37 (1,37 | 1 | 0) -1,37 (11,45 | 1 | 0) 
P000681;0,58;0,18;5;0,6;;;;;;Sim/B/B03 ;0,47 (0,41 | 1 | 0) 
P000682;0,87;0,2;6;0,67;;;;;;Sim/A/A02 Sim/B/B03 ;0,84 (0,53 | 1 | 0) 0,81 (0,27 | 2 | 0,5) 
P000683;0,03;0,19;5;0,6;;;;;;Sim/B/B01 Sim/B/B02 ;-0,05 (0,35 | 1 | 0) -0,01 (0,49 | 1 | 0) 
P000684;3,77;0,65;6;1;;;;;;;
P000685;-3,04;0,57;6;0,17;Sim/A/A02;-3,12;0,9;3;0;Sim/A/A02 Sim/A/A06 Sim/B/B01 ;-3,12 (0,9 | 3 | 0) -3,04 (137,96 | 1 | 0) -3,04 (1648,51 | 1 | 0) 
P000686;-3,04;0,57;6;0,17;Sim/A/A02;-3,12;0,9;3;0;Sim/A/A02 Sim/A/A06 Sim/B/B01 ;-3,12 (0,9 | 3 | 0) -3,04 (137,96 | 1 | 0) -3,04 (1648,51 | 1 | 0) 
P000687;3,77;0,65;6;1;;;;;;;
P000688;0,7;0,19;5;0,6;;;;;;Sim/B/B03 ;0,27 (0,55 | 2 | 0) 
P000689;2,36;0,35;6;0,67;;;;;;Sim/B/B04 ;2,28 (0,58 | 2 | 0) 
P000690;-4,14;0,81;6;0;Sim/A/A02;-3,06;0,78;3;0;;
P000691;-1,94;0,23;6;0,17;Sim/A/A02;-1,9;0,25;3;0,33;Sim/A/A04 Sim/A/A06 Sim/B/B01 ;-1,97 (0,62 | 1 | 0) -1,94 (6,51 | 1 | 0) -1,94 (62,71 | 1 | 0) 
P000692;-0,78;0,2;6;0,5;;;;;;Sim/A/A07 Sim/B/B01 ;-0,82 (0,47 | 1 | 0) -0,78 (2 | 1 | 0) 
P000693;-4,14;0,81;6;0;Sim/A/A02;-3,06;0,78;3;0;;
P000694;-1,67;0,22;6;0,33;Sim/A/A02;-1,51;0,29;3;0,67;Sim/A/A04 Sim/A/A06 Sim/B/B01 ;-1,74 (0,4 | 1 | 0) -1,67 (3,07 | 1 | 0) -1,67 (27,96 | 1 | 0) 
P000695;1,6;0,34;5;0,6;;;;;;Sim/B/B02 ;1,5 (0,63 | 2 | 0) 
P000696;0,75;0,23;5;0,4;Sim/B/B03;0,81;0,26;3;0,33;Sim/B/B01 ;0,53 (0,54 | 2 | 0,5) 
P000697;0,33;0,23;4;0,5;;;;;;Sim/B/B03 Sim/C/C03 ;0,3 (0,58 | 1 | 0) 0,27 (0,45 | 1 | 0) 
P000698;-3,04;0,57;6;0,17;Sim/A/A02;-3,12;0,9;3;0;Sim/A/A02 Sim/A/A06 Sim/B/B01 ;-3,12 (0,9 | 3 | 0) -3,04 (137,96 | 1 | 0) -3,04 (1648,51 | 1 | 0) 
P000699;1,9;0,32;6;0,67;Sim/B/B02;1,87;0,35;3;0,33;Sim/B/B02 ;1,87 (0,35 | 3 | 0,33) 
P000700;-4,14;0,81;6;0;Sim/A/A02;-3,06;0,78;3;0;;
P000701;-1,18;0,22;5;0,4;;;;;;Sim/A/A04 Sim/A/A06 Sim/B/B01 ;-1,33 (0,3 | 2 | 0,5) -1,19 (0,85 | 1 | 0) -1,18 (6,49 | 1 | 0) 
P000702;0,75;0,23;5;0,4;Sim/B/B03;0,81;0,26;3;0,33;Sim/B/B01 ;0,53 (0,54 | 2 | 0,5) 
P000703;-0,17;0,22;4;0,5;;;;;;Sim/A/A04 Sim/B/B01 ;-0,36 (0,64 | 1 | 0) -0,22 (0,45 | 1 | 0) 
P000704;1,01;0,21;6;0,5;Sim/B/B03;0,9;0,3;3;0,33;Sim/A/A02 Sim/B/B03 ;0,95 (0,46 | 1 | 0) 0,9 (0,3 | 3 | 0,33) 
P000705;-0,08;0,19;6;0,33;;;;;;Sim/A/A04 Sim/C/C03 ;-0,2 (0,29 | 2 | 0) -0,09 (1,1 | 1 | 0) 
P000706;-0,32;0,22;6;0,17;;;;;;Sim/A/A04 Sim/B/B02 Sim/C/C03 ;-0,4 (0,38 | 2 | 0) -0,37 (0,34 | 1 | 0) -0,32 (2,18 | 1 | 0) 
P000707;-3,04;0,57;6;0,17;Sim/A/A02;-3,12;0,9;3;0;Sim/A/A02 Sim/A/A06 Sim/B/B01 ;-3,12 (0,9 | 3 | 0) -3,04 (137,96 | 1 | 0) -3,04 (1648,51 | 1 | 0) 
P000708;-0,29;0,18;6;0,5;;;;;;Sim/B/B01 Sim/C/C01 ;-0,31 (0,55 | 1 | 0) -0,36 (0,35 | 1 | 0) 
P000709;-3,04;0,57;6;0,17;Sim/A/A02;-3,12;0,9;3;0;Sim/A/A02 Sim/A/A06 Sim/B/B01 ;-3,12 (0,9 | 3 | 0) -3,04 (137,96 | 1 | 0) -3,04 (1648,51 | 1 | 0) 
P000710;-0,29;0,18;6;0,5;;;;;;Sim/B/B01 Sim/C/C01 ;-0,31 (0,55 | 1 | 0) -0,36 (0,35 | 1 | 0) 
P000711;1,6;0,34;5;0,6;;;;;;Sim/B/B02 ;1,5 (0,63 | 2 | 0) 
P000712;3,07;0,31;6;0,83;;;;;;Sim/C/C10 ;3 (0,52 | 1 | 0) 
P000713;0,75;0,23;5;0,4;Sim/B/B03;0,81;0,26;3;0,33;Sim/B/B01 ;0,53 (0,54 | 2 | 0,5) 
P000714;-2,53;0,28;6;0,17;Sim/A/A02;-2,16;0,4;3;0,33;Sim/A/A05 Sim/A/A06 Sim/B/B01 ;-2,67 (0,44 | 1 | 0) -2,53 (33,94 | 1 | 0) -2,53 (367,56 | 1 | 0) 
P000715;0,33;0,23;4;0,5;;;;;;Sim/B/B03 Sim/C/C03 ;0,3 (0,58 | 1 | 0) 0,27 (0,45 | 1 | 0) 
P000716;2,36;0,35;6;0,67;;;;;;Sim/B/B04 ;2,28 (0,58 | 2 | 0) 
P000717;0,33;0,23;4;0,5;;;;;;Sim/B/B03 Sim/C/C03 ;0,3 (0,58 | 1 | 0) 0,27 (0,45 | 1 | 0) 
P000718;-2,09;0,33;6;0,33;Sim/A/A02;-2,16;0,4;3;0,33;Sim/A/A02 Sim/A/A06 Sim/B/B01 ;-2,16 (0,4 | 3 | 0,33) -2,09 (9,77 | 1 | 0) -2,09 (96,87 | 1 | 0) 
P000719;1,01;0,21;6;0,5;Sim/B/B03;0,9;0,3;3;0,33;Sim/A/A02 Sim/B/B03 ;0,95 (0,46 | 1 | 0) 0,9 (0,3 | 3 | 0,33) 
P000720;2,36;0,35;6;0,67;;;;;;Sim/B/B04 ;2,28 (0,58 | 2 | 0) 
P000721;2,36;0,35;6;0,67;;;;;;Sim/B/B04 ;2,28 (0,58 | 2 | 0) 
P000722;-4,14;0,81;6;0;Sim/A/A02;-3,06;0,78;3;0;;
P000723;0,75;0,23;5;0,4;Sim/B/B03;0,81;0,26;3;0,33;Sim/B/B01 ;0,53 (0,54 | 2 | 0,5) 
P000724;-4,14;0,81;6;0;Sim/A/A02;-3,06;0,78;3;0;;
P000725;3,77;0,65;6;1;;;;;;;
P000726;1,6;0,34;5;0,6;;;;;;Sim/B/B02 ;1,5 (0,63 | 2 | 0) 
P000727;-1,54;0,22;6;0,33;Sim/A/A02;-1,77;0,28;3;0,33;Sim/A/A02 Sim/A/A06 Sim/B/B01 ;-1,77 (0,28 | 3 | 0,33) -1,55 (2,19 | 1 | 0) -1,54 (19,32 | 1 | 0) 
P000728;3,07;0,31;6;0,83;;;;;;Sim/C/C10 ;3 (0,52 | 1 | 0) 
P000729;2,36;0,35;6;0,67;;;;;;Sim/B/B04 ;2,28 (0,58 | 2 | 0) 
P000730;-4,14;0,81;6;0;Sim/A/A02;-3,06;0,78;3;0;;
P000731;0,09;0,2;5;0,4;;;;;;Sim/A/A04 Sim/B/B03 Sim/C/C03 ;-0,05 (0,27 | 2 | 0,5) 0,09 (0,99 | 1 | 0) 0,08 (0,7 | 1 | 0) 
P000732;-2,09;0,33;6;0,33;Sim/A/A02;-2,16;0,4;3;0,33;Sim/A/A02 Sim/A/A06 Sim/B/B01 ;-2,16 (0,4 | 3 | 0,33) -2,09 (9,77 | 1 | 0) -2,09 (96,87 | 1 | 0) 
P000733;3,77;0,65;6;1;;;;;;;
P000734;1,01;0,21;6;0,5;Sim/B/B03;0,9;0,3;3;0,33;Sim/A/A02 Sim/B/B03 ;0,95 (0,46 | 1 | 0) 0,9 (0,3 | 3 | 0,33) 
P000735;-4,14;0,81;6;0;Sim/A/A02;-3,06;0,78;3;0;;
P000736;0,33;0,23;4;0,5;;;;;;Sim/B/B03 Sim/C/C03 ;0,3 (0,58 | 1 | 0) 0,27 (0,45 | 1 | 0) 
P000737;3,07;0,31;6;0,83;;;;;;Sim/C/C10 ;3 (0,52 | 1 | 0) 
P000738;-4,14;0,81;6;0;Sim/A/A02;-3,06;0,78;3;0;;
P000739;-0,54;0,22;6;0,67;;;;;;Sim/A/A06 Sim/B/B01 ;-0,77 (0,26 | 2 | 0,5) -0,55 (1,03 | 1 | 0) 
P000740;-2,09;0,33;6;0,33;Sim/A/A02;-2,16;0,4;3;0,33;Sim/A/A02 Sim/A/A06 Sim/B/B01 ;-2,16 (0,4 | 3 | 0,33) -2,09 (9,77 | 1 | 0) -2,09 (96,87 | 1 | 0) 
P000741;-2,09;0,33;6;0,33;Sim/A/A02;-2,16;0,4;3;0,33;Sim/A/A02 Sim/A/A06 Sim/B/B01 ;-2,16 (0,4 | 3 | 0,33) -2,09 (9,77 | 1 | 0) -2,09 (96,87 | 1 | 0) 
P000742;2,36;0,35;6;0,67;;;;;;Sim/B/B04 ;2,28 (0,58 | 2 | 0) 
P000743;-2,53;0,28;6;0,17;Sim/A/A02;-2,16;0,4;3;0,33;Sim/A/A05 Sim/A/A06 Sim/B/B01 ;-2,67 (0,44 | 1 | 0) -2,53 (33,94 | 1 | 0) -2,53 (367,56 | 1 | 0) 
P000744;3,77;0,65;6;1;;;;;;;
P000745;1,46;0,25;6;0,83;Sim/B/B01;1,59;0,52;3;1
P000745;1,46;0,25;6;0,83;Sim/B/B03;1,26;0,26;3;0,67;Sim/B/B03 ;1,26 (0,26 | 3 | 0,67) 
P000746;1,6;0,34;5;0,6;;;;;;Sim/B/B02 ;1,5 (0,63 | 2 | 0) 
P000747;-3,04;0,57;6;0,17;Sim/A/A02;-3,12;0,9;3;0;Sim/A/A02 Sim/A/A06 Sim/B/B01 ;-3,12 (0,9 | 3 | 0) -3,04 (137,96 | 1 | 0) -3,04 (1648,51 | 1 | 0) 
P000748;1,46;0,25;6;0,83;Sim/B/B01;1,59;0,52;3;1
P000748;1,46;0,25;6;0,83;Sim/B/B03;1,26;0,26;3;0,67;Sim/B/B03 ;1,26 (0,26 | 3 | 0,67) 
P000749;-3,04;0,57;6;0,17;Sim/A/A02;-3,12;0,9;3;0;Sim/A/A02 Sim/A/A06 Sim/B/B01 ;-3,12 (0,9 | 3 | 0) -3,04 (137,96 | 1 | 0) -3,04 (1648,51 | 1 | 0) 
P000750;-4,14;0,81;6;0;Sim/A/A02;-3,06;0,78;3;0;;
P000751;-0,58;0,2;5;0,4;;;;;;Sim/A/A07 Sim/B/B01 Sim/C/C01 ;-0,65 (0,36 | 1 | 0) -0,59 (1,15 | 1 | 0) -0,61 (0,52 | 1 | 0) 
P000752;0,58;0,18;5;0,6;;;;;;Sim/B/B03 ;0,47 (0,41 | 1 | 0) 
P000753;0,33;0,23;4;0,5;;;;;;Sim/B/B03 Sim/C/C03 ;0,3 (0,58 | 1 | 0) 0,27 (0,45 | 1 | 0) 
P000754;-3,04;0,57;6;0,17;Sim/A/A02;-3,12;0,9;3;0;Sim/A/A02 Sim/A/A06 Sim/B/B01 ;-3,12 (0,9 | 3 | 0) -3,04 (137,96 | 1 | 0) -3,04 (1648,51 | 1 | 0) 
P000755;3,77;0,65;6;1;;;;;;;
P000756;2,36;0,35;6;0,67;;;;;;Sim/B/B04 ;2,28 (0,58 | 2 | 0) 
P000757;0,33;0,23;4;0,5;;;;;;Sim/B/B03 Sim/C/C03 ;0,3 (0,58 | 1 | 0) 0,27 (0,45 | 1 | 0) 
P000758;-3,04;0,57;6;0,17;Sim/A/A02;-3,12;0,9;3;0;Sim/A/A02 Sim/A/A06 Sim/B/B01 ;-3,12 (0,9 | 3 | 0) -3,04 (137,96 | 1 | 0) -3,04 (1648,51 | 1 | 0) 
P000759;1,6;0,34;5;0,6;;;;;;Sim/B/B02 ;1,5 (0,63 | 2 | 0) 
P000760;1,6;0,34;5;0,6;;;;;;Sim/B/B02 ;1,5 (0,63 | 2 | 0) 
P000761;-4,14;0,81;6;0;Sim/A/A02;-3,06;0,78;3;0;;
P000762;1,6;0,34;5;0,6;;;;;;Sim/B/B02 ;1,5 (0,63 | 2 | 0) 
P000763;-2,09;0,33;6;0,33;Sim/A/A02;-2,16;0,4;3;0,33;Sim/A/A02 Sim/A/A06 Sim/B/B01 ;-2,16 (0,4 | 3 | 0,33) -2,09 (9,77 | 1 | 0) -2,09 (96,87 | 1 | 0) 
P000764;-0,29;0,18;6;0,5;;;;;;Sim/B/B01 Sim/C/C01 ;-0,31 (0,55 | 1 | 0) -0,36 (0,35 | 1 | 0) 
P000765;3,77;0,65;6;1;;;;;;;
P000766;0,7;0,19;5;0,6;;;;;;Sim/B/B03 ;0,27 (0,55 | 2 | 0) 
P000767;3,77;0,65;6;1;;;;;;;
P000768;1,9;0,32;6;0,67;Sim/B/B02;1,87;0,35;3;0,33;Sim/B/B02 ;1,87 (0,35 | 3 | 0,33) 
P000769;0,33;0,23;4;0,5;;;;;;Sim/B/B03 Sim/C/C03 ;0,3 (0,58 | 1 | 0) 0,27 (0,45 | 1 | 0) 
P000770;-4,14;0,81;6;0;Sim/A/A02;-3,06;0,78;3;0;;
P000771;2,36;0,35;6;0,67;;;;;;Sim/B/B04 ;2,28 (0,58 | 2 | 0) 
P000772;0,58;0,18;5;0,6;;;;;;Sim/B/B03 ;0,47 (0,41 | 1 | 0) 
P000773;-0,92;0,18;6;0,5;;;;;;Sim/A/A06 Sim/B/B01 ;-1,01 (0,3 | 2 | 0) -0,92 (3,03 | 1 | 0) 
P000774;-2,09;0,33;6;0,33;Sim/A/A02;-2,16;0,4;3;0,33;Sim/A/A02 Sim/A/A06 Sim/B/B01 ;-2,16 (0,4 | 3 | 0,33) -2,09 (9,77 | 1 | 0) -2,09 (96,87 | 1 | 0) 
P000775;-1,94;0,23;6;0,17;Sim/A/A02;-1,9;0,25;3;0,33;Sim/A/A04 Sim/A/A06 Sim/B/B01 ;-1,97 (0,62 | 1 | 0) -1,94 (6,51 | 1 | 0) -1,94 (62,71 | 1 | 0) 
P000776;-4,14;0,81;6;0;Sim/A/A02;-3,06;0,78;3;0;;
P000777;-0,54;0,22;6;0,67;;;;;;Sim/A/A06 Sim/B/B01 ;-0,77 (0,26 | 2 | 0,5) -0,55 (1,03 | 1 | 0) 
P000778;1,6;0,34;5;0,6;;;;;;Sim/B/B02 ;1,5 (0,63 | 2 | 0) 
P000779;-4,14;0,81;6;0;Sim/A/A02;-3,06;0,78;3;0;;
P000780;0,43;0,18;6;0,5;;;;;;Sim/B/B02 Sim/B/B03 ;0,36 (0,4 | 1 | 0) 0,4 (0,47 | 1 | 0) 
P000781;0,33;0,23;4;0,5;;;;;;Sim/B/B03 Sim/C/C03 ;0,3 (0,58 | 1 | 0) 0,27 (0,45 | 1 | 0) 
P000782;1,2;0,2;6;0,67;Sim/B/B03;0,9;0,3;3;0,33;Sim/B/B03 ;0,9 (0,3 | 3 | 0,33) 
P000783;-0,08;0,19;6;0,33;;;;;;Sim/A/A04 Sim/C/C03 ;-0,2 (0,29 | 2 | 0) -0,09 (1,1 | 1 | 0) 
P000784;-1,18;0,22;5;0,4;;;;;;Sim/A/A04 Sim/A/A06 Sim/B/B01 ;-1,33 (0,3 | 2 | 0,5) -1,19 (0,85 | 1 | 0) -1,18 (6,49 | 1 | 0) 
P000785;2,76;0,27;6;0,83;;;;;;Sim/B/B04 ;2,76 (0,27 | 2 | 0,5) 
P000786;0,75;0,23;5;0,4;Sim/B/B03;0,81;0,26;3;0,33;Sim/B/B01 ;0,53 (0,54 | 2 | 0,5) 
P000787;-1,94;0,23;6;0,17;Sim/A/A02;-1,9;0,25;3;0,33;Sim/A/A04 Sim/A/A06 Sim/B/B01 ;-1,97 (0,62 | 1 | 0) -1,94 (6,51 | 1 | 0) -1,94 (62,71 | 1 | 0) 
P000788;-4,14;0,81;6;0;Sim/A/A02;-3,06;0,78;3;0;;
P000789;0,7;0,19;5;0,6;;;;;;Sim/B/B03 ;0,27 (0,55 | 2 | 0) 
P000790;0,75;0,23;5;0,4;Sim/B/B03;0,81;0,26;3;0,33;Sim/B/B01 ;0,53 (0,54 | 2 | 0,5) 
P000791;1,6;0,34;5;0,6;;;;;;Sim/B/B02 ;1,5 (0,63 | 2 | 0) 
P000792;1,6;0,34;5;0,6;;;;;;Sim/B/B02 ;1,5 (0,63 | 2 | 0) 
P000793;-4,14;0,81;6;0;Sim/A/A02;-3,06;0,78;3;0;;
P000794;2,36;0,35;6;0,67;;;;;;Sim/B/B04 ;2,28 (0,58 | 2 | 0) 
P000795;-1,18;0,22;5;0,4;;;;;;Sim/A/A04 Sim/A/A06 Sim/B/B01 ;-1,33 (0,3 | 2 | 0,5) -1,19 (0,85 | 1 | 0) -1,18 (6,49 | 1 | 0) 
P000796;1,2;0,2;6;0,67;Sim/B/B03;0,9;0,3;3;0,33;Sim/B/B03 ;0,9 (0,3 | 3 | 0,33) 
P000797;3,77;0,65;6;1;;;;;;;
P000798;3,77;0,65;6;1;;;;;;;
P000799;-0,92;0,18;6;0,5;;;;;;Sim/A/A06 Sim/B/B01 ;-1,01 (0,3 | 2 | 0) -0,92 (3,03 | 1 | 0) 
P000800;3,77;0,65;6;1;;;;;;;
P000801;1,2;0,2;6;0,67;Sim/B/B03;0,9;0,3;3;0,33;Sim/B/B03 ;0,9 (0,3 | 3 | 0,33) 
P000802;1,01;0,21;6;0,5;Sim/B/B03;0,9;0,3;3;0,33;Sim/A/A02 Sim/B/B03 ;0,95 (0,46 | 1 | 0) 0,9 (0,3 | 3 | 0,33) 
P000803;-2,09;0,33;6;0,33;Sim/A/A02;-2,16;0,4;3;0,33;Sim/A/A02 Sim/A/A06 Sim/B/B01 ;-2,16 (0,4 | 3 | 0,33) -2,09 (9,77 | 1 | 0) -2,09 (96,87 | 1 | 0) 
P000804;-3,04;0,57;6;0,17;Sim/A/A02;-3,12;0,9;3;0;Sim/A/A02 Sim/A/A06 Sim/B/B01 ;-3,12 (0,9 | 3 | 0) -3,04 (137,96 | 1 | 0) -3,04 (1648,51 | 1 | 0) 
P000805;-2,53;0,28;6;0,17;Sim/A/A02;-2,16;0,4;3;0,33;Sim/A/A05 Sim/A/A06 Sim/B/B01 ;-2,67 (0,44 | 1 | 0) -2,53 (33,94 | 1 | 0) -2,53 (367,56 | 1 | 0) 
P000806;3,77;0,65;6;1;;;;;;;
P000807;-0,17;0,22;4;0,5;;;;;;Sim/A/A04 Sim/B/B01 ;-0,36 (0,64 | 1 | 0) -0,22 (0,45 | 1 | 0) 
P000808;3,07;0,31;6;0,83;;;;;;Sim/C/C10 ;3 (0,52 | 1 | 0) 
P000809;-4,14;0,81;6;0;Sim/A/A02;-3,06;0,78;3;0;;
P000810;3,77;0,65;6;1;;;;;;;
P000811;-2,09;0,33;6;0,33;Sim/A/A02;-2,16;0,4;3;0,33;Sim/A/A02 Sim/A/A06 Sim/B/B01 ;-2,16 (0,4 | 3 | 0,33) -2,09 (9,77 | 1 | 0) -2,09 (96,87 | 1 | 0) 
P000812;-0,92;0,18;6;0,5;;;;;;Sim/A/A06 Sim/B/B01 ;-1,01 (0,3 | 2 | 0) -0,92 (3,03 | 1 | 0) 
P000813;-0,17;0,22;4;0,5;;;;;;Sim/A/A04 Sim/B/B01 ;-0,36 (0,64 | 1 | 0) -0,22 (0,45 | 1 | 0) 
P000814;3,77;0,65;6;1;;;;;;;
P000815;3,77;0,65;6;1;;;;;;;
P000816;3,77;0,65;6;1;;;;;;;
P000817;1,6;0,34;5;0,6;;;;;;Sim/B/B02 ;1,5 (0,63 | 2 | 0) 
P000818;2,36;0,35;6;0,67;;;;;;Sim/B/B04 ;2,28 (0,58 | 2 | 0) 
P000819;-1,18;0,22;5;0,4;;;;;;Sim/A/A04 Sim/A/A06 Sim/B/B01 ;-1,33 (0,3 | 2 | 0,5) -1,19 (0,85 | 1 | 0) -1,18 (6,49 | 1 | 0) 
P000820;3,07;0,31;6;0,83;;;;;;Sim/C/C10 ;3 (0,52 | 1 | 0) 
P000821;-3,04;0,57;6;0,17;Sim/A/A02;-3,12;0,9;3;0;Sim/A/A02 Sim/A/A06 Sim/B/B01 ;-3,12 (0,9 | 3 | 0) -3,04 (137,96 | 1 | 0) -3,04 (1648,51 | 1 | 0) 
P000822;-1,37;0,24;6;0,5;Sim/A/A02;-1,49;0,3;3;0,67;Sim/A/A02 Sim/A/A06 Sim/B/B01 ;-1,49 (0,3 | 3 | 0,67) -1,37 (1,37 | 1 | 0) -1,37 (11,45 | 1 | 0) 
P000823;3,77;0,65;6;1;;;;;;;
P000824;3,77;0,65;6;1;;;;;;;
P000825;-4,14;0,81;6;0;Sim/A/A02;-3,06;0,78;3;0;;
P000826;-4,14;0,81;6;0;Sim/A/A02;-3,06;0,78;3;0;;
P000827;0,33;0,23;4;0,5;;;;;;Sim/B/B03 Sim/C/C03 ;0,3 (0,58 | 1 | 0) 0,27 (0,45 | 1 | 0) 
P000828;-1,44;0,22;6;0,33;;;;;;Sim/A/A04 Sim/A/A06 Sim/B/B01 ;-1,58 (0,32 | 2 | 0) -1,44 (1,64 | 1 | 0) -1,44 (14,01 | 1 | 0) 
P000829;-4,14;0,81;6;0;Sim/A/A02;-3,06;0,78;3;0;;
P000830;-3,04;0,57;6;0,17;Sim/A/A02;-3,12;0,9;3;0;Sim/A/A02 Sim/A/A06 Sim/B/B01 ;-3,12 (0,9 | 3 | 0) -3,04 (137,96 | 1 | 0) -3,04 (1648,51 | 1 | 0) 
P000831;-2,09;0,33;6;0,33;Sim/A/A02;-2,16;0,4;3;0,33;Sim/A/A02 Sim/A/A06 Sim/B/B01 ;-2,16 (0,4 | 3 | 0,33) -2,09 (9,77 | 1 | 0) -2,09 (96,87 | 1 | 0) 
P000832;-1,73;0,24;6;0,17;;;;;;Sim/A/A04 Sim/A/A06 Sim/B/B01 ;-1,8 (0,42 | 2 | 0) -1,73 (3,67 | 1 | 0) -1,73 (33,81 | 1 | 0) 
P000833;-3,04;0,57;6;0,17;Sim/A/A02;-3,12;0,9;3;0;Sim/A/A02 Sim/A/A06 Sim/B/B01 ;-3,12 (0,9 | 3 | 0) -3,04 (137,96 | 1 | 0) -3,04 (1648,51 | 1 | 0) 
P000834;-1,67;0,22;6;0,33;Sim/A/A02;-1,51;0,29;3;0,67;Sim/A/A04 Sim/A/A06 Sim/B/B01 ;-1,74 (0,4 | 1 | 0) -1,67 (3,07 | 1 | 0) -1,67 (27,96 | 1 | 0) 
P000835;3,07;0,31;6;0,83;;;;;;Sim/C/C10 ;3 (0,52 | 1 | 0) 
P000836;3,77;0,65;6;1;;;;;;;
P000837;1,6;0,34;5;0,6;;;;;;Sim/B/B02 ;1,5 (0,63 | 2 | 0) 
P000838;3,07;0,31;6;0,83;;;;;;Sim/C/C10 ;3 (0,52 | 1 | 0) 
P000839;-2,53;0,28;6;0,17;Sim/A/A02;-2,16;0,4;3;0,33;Sim/A/A05 Sim/A/A06 Sim/B/B01 ;-2,67 (0,44 | 1 | 0) -2,53 (33,94 | 1 | 0) -2,53 (367,56 | 1 | 0) 
P000840;-2,09;0,33;6;0,33;Sim/A/A02;-2,16;0,4;3;0,33;Sim/A/A02 Sim/A/A06 Sim/B/B01 ;-2,16 (0,4 | 3 | 0,33) -2,09 (9,77 | 1 | 0) -2,09 (96,87 | 1 | 0) 
P000841;0,75;0,23;5;0,4;Sim/B/B03;0,81;0,26;3;0,33;Sim/B/B01 ;0,53 (0,54 | 2 | 0,5) 
P000842;2,36;0,35;6;0,67;;;;;;Sim/B/B04 ;2,28 (0,58 | 2 | 0) 
P000843;2,76;0,27;6;0,83;;;;;;Sim/B/B04 ;2,76 (0,27 | 2 | 0,5) 
P000844;-0,78;0,2;6;0,5;;;;;;Sim/A/A07 Sim/B/B01 ;-0,82 (0,47 | 1 | 0) -0,78 (2 | 1 | 0) 
P000845;0,09;0,2;5;0,4;;;;;;Sim/A/A04 Sim/B/B03 Sim/C/C03 ;-0,05 (0,27 | 2 | 0,5) 0,09 (0,99 | 1 | 0) 0,08 (0,7 | 1 | 0) 
P000846;0,33;0,23;4;0,5;;;;;;Sim/B/B03 Sim/C/C03 ;0,3 (0,58 | 1 | 0) 0,27 (0,45 | 1 | 0) 
P000847;3,07;0,31;6;0,83;;;;;;Sim/C/C10 ;3 (0,52 | 1 | 0) 
P000848;-3,04;0,57;6;0,17;Sim/A/A02;-3,12;0,9;3;0;Sim/A/A02 Sim/A/A06 Sim/B/B01 ;-3,12 (0,9 | 3 | 0) -3,04 (137,96 | 1 | 0) -3,04 (1648,51 | 1 | 0) 
P000849;-4,14;0,81;6;0;Sim/A/A02;-3,06;0,78;3;0;;
P000850;1,6;0,34;5;0,6;;;;;;Sim/B/B02 ;1,5 (0,63 | 2 | 0) 
P000851;1,2;0,2;6;0,67;Sim/B/B03;0,9;0,3;3;0,33;Sim/B/B03 ;0,9 (0,3 | 3 | 0,33) 
P000852;1,6;0,34;5;0,6;;;;;;Sim/B/B02 ;1,5 (0,63 | 2 | 0) 
P000853;0,75;0,23;5;0,4;Sim/B/B03;0,81;0,26;3;0,33;Sim/B/B01 ;0,53 (0,54 | 2 | 0,5) 
P000854;-2,09;0,33;6;0,33;Sim/A/A02;-2,16;0,4;3;0,33;Sim/A/A02 Sim/A/A06 Sim/B/B01 ;-2,16 (0,4 | 3 | 0,33) -2,09 (9,77 | 1 | 0) -2,09 (96,87 | 1 | 0) 
P000855;-1,18;0,22;5;0,4;;;;;;Sim/A/A04 Sim/A/A06 Sim/B/B01 ;-1,33 (0,3 | 2 | 0,5) -1,19 (0,85 | 1 | 0) -1,18 (6,49 | 1 | 0) 
P000856;2,76;0,27;6;0,83;;;;;;Sim/B/B04 ;2,76 (0,27 | 2 | 0,5) 
P000857;-0,29;0,18;6;0,5;;;;;;Sim/B/B01 Sim/C/C01 ;-0,31 (0,55 | 1 | 0) -0,36 (0,35 | 1 | 0) 
P000858;0,03;0,19;5;0,6;;;;;;Sim/B/B01 Sim/B/B02 ;-0,05 (0,35 | 1 | 0) -0,01 (0,49 | 1 | 0) 
P000859;-4,14;0,81;6;0;Sim/A/A02;-3,06;0,78;3;0;;
P000860;1,6;0,34;5;0,6;;;;;;Sim/B/B02 ;1,5 (0,63 | 2 | 0) 
P000861;-0,58;0,2;5;0,4;;;;;;Sim/A/A07 Sim/B/B01 Sim/C/C01 ;-0,65 (0,36 | 1 | 0) -0,59 (1,15 | 1 | 0) -0,61 (0,52 | 1 | 0) 
P000862;-4,14;0,81;6;0;Sim/A/A02;-3,06;0,78;3;0;;
P000863;-4,14;0,81;6;0;Sim/A/A02;-3,06;0,78;3;0;;
P000864;1,6;0,34;5;0,6;;;;;;Sim/B/B02 ;1,5 (0,63 | 2 | 0) 
P000865;-0,92;0,18;6;0,5;;;;;;Sim/A/A06 Sim/B/B01 ;-1,01 (0,3 | 2 | 0) -0,92 (3,03 | 1 | 0) 
P000866;0,97;0,2;6;0,5;Sim/B/B03;1,07;0,23;4;0,5;Sim/B/B01 ;0,53 (0,54 | 2 | 0,5) 
P000867;-2,09;0,33;6;0,33;Sim/A/A02;-2,16;0,4;3;0,33;Sim/A/A02 Sim/A/A06 Sim/B/B01 ;-2,16 (0,4 | 3 | 0,33) -2,09 (9,77 | 1 | 0) -2,09 (96,87 | 1 | 0) 
P000868;2,36;0,35;6;0,67;;;;;;Sim/B/B04 ;2,28 (0,58 | 2 | 0) 
P000869;-0,17;0,22;4;0,5;;;;;;Sim/A/A04 Sim/B/B01 ;-0,36 (0,64 | 1 | 0) -0,22 (0,45 | 1 | 0) 
P000870;1,9;0,32;6;0,67;Sim/B/B02;1,87;0,35;3;0,33;Sim/B/B02 ;1,87 (0,35 | 3 | 0,33) 
P000871;1,6;0,34;5;0,6;;;;;;Sim/B/B02 ;1,5 (0,63 | 2 | 0) 
P000872;0,58;0,18;5;0,6;;;;;;Sim/B/B03 ;0,47 (0,41 | 1 | 0) 
P000873;2,36;0,35;6;0,67;;;;;;Sim/B/B04 ;2,28 (0,58 | 2 | 0) 
P000874;-4,14;0,81;6;0;Sim/A/A02;-3,06;0,78;3;0;;
P000875;-2,09;0,33;6;0,33;Sim/A/A02;-2,16;0,4;3;0,33;Sim/A/A02 Sim/A/A06 Sim/B/B01 ;-2,16 (0,4 | 3 | 0,33) -2,09 (9,77 | 1 | 0) -2,09 (96,87 | 1 | 0) 
P000876;2,36;0,35;6;0,67;;;;;;Sim/B/B04 ;2,28 (0,58 | 2 | 0) 
P000877;2,36;0,35;6;0,67;;;;;;Sim/B/B04 ;2,28 (0,58 | 2 | 0) 
P000878;3,77;0,65;6;1;;;;;;;
P000879;3,77;0,65;6;1;;;;;;;
P000880;-4,14;0,81;6;0;Sim/A/A02;-3,06;0,78;3;0;;
P000881;2,76;0,27;6;0,83;;;;;;Sim/B/B04 ;2,76 (0,27 | 2 | 0,5) 
P000882;-0,17;0,22;4;0,5;;;;;;Sim/A/A04 Sim/B/B01 ;-0,36 (0,64 | 1 | 0) -0,22 (0,45 | 1 | 0) 
P000883;3,77;0,65;6;1;;;;;;;
P000884;3,77;0,65;6;1;;;;;;;
P000885;-0,47;0,18;5;0,4;;;;;;Sim/B/B01 Sim/B/B02 Sim/C/C01 ;-0,48 (0,84 | 1 | 0) -0,52 (0,38 | 1 | 0) -0,51 (0,42 | 1 | 0) 
P000886;-2,09;0,33;6;0,33;Sim/A/A02;-2,16;0,4;3;0,33;Sim/A/A02 Sim/A/A06 Sim/B/B01 ;-2,16 (0,4 | 3 | 0,33) -2,09 (9,77 | 1 | 0) -2,09 (96,87 | 1 | 0) 
P000887;1,3;0,22;6;0,67;Sim/B/B01;1,39;0,44;3;0,67
P000887;1,3;0,22;6;0,67;Sim/B/B03;1,26;0,26;3;0,67;Sim/B/B03 ;1,26 (0,26 | 3 | 0,67) 
P000888;-0,08;0,19;6;0,33;;;;;;Sim/A/A04 Sim/C/C03 ;-0,2 (0,29 | 2 | 0) -0,09 (1,1 | 1 | 0) 
P000889;-3,04;0,57;6;0,17;Sim/A/A02;-3,12;0,9;3;0;Sim/A/A02 Sim/A/A06 Sim/B/B01 ;-3,12 (0,9 | 3 | 0) -3,04 (137,96 | 1 | 0) -3,04 (1648,51 | 1 | 0) 
P000890;1,9;0,32;6;0,67;Sim/B/B02;1,87;0,35;3;0,33;Sim/B/B02 ;1,87 (0,35 | 3 | 0,33) 
P000891;2,36;0,35;6;0,67;;;;;;Sim/B/B04 ;2,28 (0,58 | 2 | 0) 
P000892;0,7;0,19;5;0,6;;;;;;Sim/B/B03 ;0,27 (0,55 | 2 | 0) 
P000893;3,77;0,65;6;1;;;;;;;
P000894;0,33;0,23;4;0,5;;;;;;Sim/B/B03 Sim/C/C03 ;0,3 (0,58 | 1 | 0) 0,27 (0,45 | 1 | 0) 
P000895;-1,94;0,23;6;0,17;Sim/A/A02;-1,9;0,25;3;0,33;Sim/A/A04 Sim/A/A06 Sim/B/B01 ;-1,97 (0,62 | 1 | 0) -1,94 (6,51 | 1 | 0) -1,94 (62,71 | 1 | 0) 
P000896;2,36;0,35;6;0,67;;;;;;Sim/B/B04 ;2,28 (0,58 | 2 | 0) 
P000897;-4,14;0,81;6;0;Sim/A/A02;-3,06;0,78;3;0;;
P000898;-0,17;0,22;4;0,5;;;;;;Sim/A/A04 Sim/B/B01 ;-0,36 (0,64 | 1 | 0) -0,22 (0,45 | 1 | 0) 
P000899;-2,09;0,33;6;0,33;Sim/A/A02;-2,16;0,4;3;0,33;Sim/A/A02 Sim/A/A06 Sim/B/B01 ;-2,16 (0,4 | 3 | 0,33) -2,09 (9,77 | 1 | 0) -2,09 (96,87 | 1 | 0) 
P000900;0,58;0,18;5;0,6;;;;;;Sim/B/B03 ;0,47 (0,41 | 1 | 0) 
P000901;-0,47;0,18;5;0,4;;;;;;Sim/B/B01 Sim/B/B02 Sim/C/C01 ;-0,48 (0,84 | 1 | 0) -0,52 (0,38 | 1 | 0) -0,51 (0,42 | 1 | 0) 
P000902;-0,58;0,2;5;0,4;;;;;;Sim/A/A07 Sim/B/B01 Sim/C/C01 ;-0,65 (0,36 | 1 | 0) -0,59 (1,15 | 1 | 0) -0,61 (0,52 | 1 | 0) 
P000903;-2,09;0,33;6;0,33;Sim/A/A02;-2,16;0,4;3;0,33;Sim/A/A02 Sim/A/A06 Sim/B/B01 ;-2,16 (0,4 | 3 | 0,33) -2,09 (9,77 | 1 | 0) -2,09 (96,87 | 1 | 0) 
P000904;-4,14;0,81;6;0;Sim/A/A02;-3,06;0,78;3;0;;
P000905;0,75;0,23;5;0,4;Sim/B/B03;0,81;0,26;3;0,33;Sim/B/B01 ;0,53 (0,54 | 2 | 0,5) 
P000906;3,77;0,65;6;1;;;;;;;
P000907;3,77;0,65;6;1;;;;;;;
P000908;-1,67;0,22;6;0,33;Sim/A/A02;-1,51;0,29;3;0,67;Sim/A/A04 Sim/A/A06 Sim/B/B01 ;-1,74 (0,4 | 1 | 0) -1,67 (3,07 | 1 | 0) -1,67 (27,96 | 1 | 0) 
P000909;-4,14;0,81;6;0;Sim/A/A02;-3,06;0,78;3;0;;
P000910;0,33;0,23;4;0,5;;;;;;Sim/B/B03 Sim/C/C03 ;0,3 (0,58 | 1 | 0) 0,27 (0,45 | 1 | 0) 
P000911;1,6;0,34;5;0,6;;;;;;Sim/B/B02 ;1,5 (0,63 | 2 | 0) 
P000912;-4,14;0,81;6;0;Sim/A/A02;-3,06;0,78;3;0;;
P000913;1,9;0,32;6;0,67;Sim/B/B02;1,87;0,35;3;0,33;Sim/B/B02 ;1,87 (0,35 | 3 | 0,33) 
P000914;-1,37;0,24;6;0,5;Sim/A/A02;-1,49;0,3;3;0,67;Sim/A/A02 Sim/A/A06 Sim/B/B01 ;-1,49 (0,3 | 3 | 0,67) -1,37 (1,37 | 1 | 0) -1,37 (11,45 | 1 | 0) 
P000915;-0,78;0,19;6;0,33;;;;;;Sim/A/A07 Sim/B/B01 Sim/C/C01 ;-0,81 (0,45 | 1 | 0) -0,78 (2,01 | 1 | 0) -0,79 (0,83 | 1 | 0) 
P000916;-2,09;0,33;6;0,33;Sim/A/A02;-2,16;0,4;3;0,33;Sim/A/A02 Sim/A/A06 Sim/B/B01 ;-2,16 (0,4 | 3 | 0,33) -2,09 (9,77 | 1 | 0) -2,09 (96,87 | 1 | 0) 
P000917;2,36;0,35;6;0,67;;;;;;Sim/B/B04 ;2,28 (0,58 | 2 | 0) 
P000918;3,77;0,65;6;1;;;;;;;
P000919;2,36;0,35;6;0,67;;;;;;Sim/B/B04 ;2,28 (0,58 | 2 | 0) 
P000920;3,77;0,65;6;1;;;;;;;
P000921;1,6;0,34;5;0,6;;;;;;Sim/B/B02 ;1,5 (0,63 | 2 | 0) 
P000922;-3,04;0,57;6;0,17;Sim/A/A02;-3,12;0,9;3;0;Sim/A/A02 Sim/A/A06 Sim/B/B01 ;-3,12 (0,9 | 3 | 0) -3,04 (137,96 | 1 | 0) -3,04 (1648,51 | 1 | 0) 
P000923;-4,14;0,81;6;0;Sim/A/A02;-3,06;0,78;3;0;;
P000924;-3,04;0,57;6;0,17;Sim/A/A02;-3,12;0,9;3;0;Sim/A/A02 Sim/A/A06 Sim/B/B01 ;-3,12 (0,9 | 3 | 0) -3,04 (137,96 | 1 | 0) -3,04 (1648,51 | 1 | 0) 
P000925;-2,09;0,33;6;0,33;Sim/A/A02;-2,16;0,4;3;0,33;Sim/A/A02 Sim/A/A06 Sim/B/B01 ;-2,16 (0,4 | 3 | 0,33) -2,09 (9,77 | 1 | 0) -2,09 (96,87 | 1 | 0) 
P000926;-1,03;0,23;6;0,17;;;;;;Sim/A/A04 Sim/A/A07 Sim/B/B01 Sim/C/C01 ;-1,15 (0,35 | 1 | 0) -1,04 (0,74 | 1 | 0) -1,03 (4,17 | 1 | 0) -1,03 (1,64 | 1 | 0) 
P000927;0,03;0,19;5;0,6;;;;;;Sim/B/B01 Sim/B/B02 ;-0,05 (0,35 | 1 | 0) -0,01 (0,49 | 1 | 0) 
P000928;-4,14;0,81;6;0;Sim/A/A02;-3,06;0,78;3;0;;
P000929;0,7;0,19;5;0,6;;;;;;Sim/B/B03 ;0,27 (0,55 | 2 | 0) 
P000930;-0,17;0,22;4;0,5;;;;;;Sim/A/A04 Sim/B/B01 ;-0,36 (0,64 | 1 | 0) -0,22 (0,45 | 1 | 0) 
P000931;0,39;0,23;6;0,83;;;;;;Sim/B/B01 ;0,11 (0,34 | 1 | 0) 
P000932;-2,09;0,33;6;0,33;Sim/A/A02;-2,16;0,4;3;0,33;Sim/A/A02 Sim/A/A06 Sim/B/B01 ;-2,16 (0,4 | 3 | 0,33) -2,09 (9,77 | 1 | 0) -2,09 (96,87 | 1 | 0) 
P000933;1,9;0,32;6;0,67;Sim/B/B02;1,87;0,35;3;0,33;Sim/B/B02 ;1,87 (0,35 | 3 | 0,33) 
P000934;-4,14;0,81;6;0;Sim/A/A02;-3,06;0,78;3;0;;
P000935;-3,04;0,57;6;0,17;Sim/A/A02;-3,12;0,9;3;0;Sim/A/A02 Sim/A/A06 Sim/B/B01 ;-3,12 (0,9 | 3 | 0) -3,04 (137,96 | 1 | 0) -3,04 (1648,51 | 1 | 0) 
P000936;3,77;0,65;6;1;;;;;;;
P000937;-1,94;0,23;6;0,17;Sim/A/A02;-1,9;0,25;3;0,33;Sim/A/A04 Sim/A/A06 Sim/B/B01 ;-1,97 (0,62 | 1 | 0) -1,94 (6,51 | 1 | 0) -1,94 (62,71 | 1 | 0) 
P000938;3,07;0,31;6;0,83;;;;;;Sim/C/C10 ;3 (0,52 | 1 | 0) 
P000939;-3,04;0,57;6;0,17;Sim/A/A02;-3,12;0,9;3;0;Sim/A/A02 Sim/A/A06 Sim/B/B01 ;-3,12 (0,9 | 3 | 0) -3,04 (137,96 | 1 | 0) -3,04 (1648,51 | 1 | 0) 
P000940;-1,37;0,24;6;0,5;Sim/A/A02;-1,49;0,3;3;0,67;Sim/A/A02 Sim/A/A06 Sim/B/B01 ;-1,49 (0,3 | 3 | 0,67) -1,37 (1,37 | 1 | 0) -1,37 (11,45 | 1 | 0) 
P000941;-1,37;0,24;6;0,5;Sim/A/A02;-1,49;0,3;3;0,67;Sim/A/A02 Sim/A/A06 Sim/B/B01 ;-1,49 (0,3 | 3 | 0,67) -1,37 (1,37 | 1 | 0) -1,37 (11,45 | 1 | 0) 
P000942;0,33;0,23;4;0,5;;;;;;Sim/B/B03 Sim/C/C03 ;0,3 (0,58 | 1 | 0) 0,27 (0,45 | 1 | 0) 
P000943;2,76;0,27;6;0,83;;;;;;Sim/B/B04 ;2,76 (0,27 | 2 | 0,5) 
P000944;-1,37;0,24;6;0,5;Sim/A/A02;-1,49;0,3;3;0,67;Sim/A/A02 Sim/A/A06 Sim/B/B01 ;-1,49 (0,3 | 3 | 0,67) -1,37 (1,37 | 1 | 0) -1,37 (11,45 | 1 | 0) 
P000945;2,36;0,35;6;0,67;;;;;;Sim/B/B04 ;2,28 (0,58 | 2 | 0) 
P000946;-0,08;0,19;6;0,33;;;;;;Sim/A/A04 Sim/C/C03 ;-0,2 (0,29 | 2 | 0) -0,09 (1,1 | 1 | 0) 
P000947;-4,14;0,81;6;0;Sim/A/A02;-3,06;0,78;3;0;;
P000948;0,33;0,23;4;0,5;;;;;;Sim/B/B03 Sim/C/C03 ;0,3 (0,58 | 1 | 0) 0,27 (0,45 | 1 | 0) 
P000949;-4,14;0,81;6;0;Sim/A/A02;-3,06;0,78;3;0;;
P000950;1,6;0,34;5;0,6;;;;;;Sim/B/B02 ;1,5 (0,63 | 2 | 0) 
P000951;1,6;0,34;5;0,6;;;;;;Sim/B/B02 ;1,5 (0,63 | 2 | 0) 
P000952;-0,47;0,18;5;0,4;;;;;;Sim/B/B01 Sim/B/B02 Sim/C/C01 ;-0,48 (0,84 | 1 | 0) -0,52 (0,38 | 1 | 0) -0,51 (0,42 | 1 | 0) 
P000953;-0,08;0,19;6;0,33;;;;;;Sim/A/A04 Sim/C/C03 ;-0,2 (0,29 | 2 | 0) -0,09 (1,1 | 1 | 0) 
P000954;-3,04;0,57;6;0,17;Sim/A/A02;-3,12;0,9;3;0;Sim/A/A02 Sim/A/A06 Sim/B/B01 ;-3,12 (0,9 | 3 | 0) -3,04 (137,96 | 1 | 0) -3,04 (1648,51 | 1 | 0) 
P000955;0,33;0,23;4;0,5;;;;;;Sim/B/B03 Sim/C/C03 ;0,3 (0,58 | 1 | 0) 0,27 (0,45 | 1 | 0) 
P000956;1,6;0,34;5;0,6;;;;;;Sim/B/B02 ;1,5 (0,63 | 2 | 0) 
P000957;-4,14;0,81;6;0;Sim/A/A02;-3,06;0,78;3;0;;
P000958;-0,17;0,22;4;0,5;;;;;;Sim/A/A04 Sim/B/B01 ;-0,36 (0,64 | 1 | 0) -0,22 (0,45 | 1 | 0) 
P000959;3,77;0,65;6;1;;;;;;;
P000960;3,77;0,65;6;1;;;;;;;
P000961;-3,04;0,57;6;0,17;Sim/A/A02;-3,12;0,9;3;0;Sim/A/A02 Sim/A/A06 Sim/B/B01 ;-3,12 (0,9 | 3 | 0) -3,04 (137,96 | 1 | 0) -3,04 (1648,51 | 1 | 0) 
P000962;2,36;0,35;6;0,67;;;;;;Sim/B/B04 ;2,28 (0,58 | 2 | 0) 
P000963;3,77;0,65;6;1;;;;;;;
P000964;0,09;0,2;5;0,4;;;;;;Sim/A/A04 Sim/B/B03 Sim/C/C03 ;-0,05 (0,27 | 2 | 0,5) 0,09 (0,99 | 1 | 0) 0,08 (0,7 | 1 | 0) 
P000965;3,77;0,65;6;1;;;;;;;
P000966;2,36;0,35;6;0,67;;;;;;Sim/B/B04 ;2,28 (0,58 | 2 | 0) 
P000967;-0,54;0,22;6;0,67;;;;;;Sim/A/A06 Sim/B/B01 ;-0,77 (0,26 | 2 | 0,5) -0,55 (1,03 | 1 | 0) 
P000968;3,77;0,65;6;1;;;;;;;
P000969;-4,14;0,81;6;0;Sim/A/A02;-3,06;0,78;3;0;;
P000970;3,77;0,65;6;1;;;;;;;
P000971;3,07;0,31;6;0,83;;;;;;Sim/C/C10 ;3 (0,52 | 1 | 0) 
P000972;-0,29;0,18;6;0,5;;;;;;Sim/B/B01 Sim/C/C01 ;-0,31 (0,55 | 1 | 0) -0,36 (0,35 | 1 | 0) 
P000973;0,33;0,23;4;0,5;;;;;;Sim/B/B03 Sim/C/C03 ;0,3 (0,58 | 1 | 0) 0,27 (0,45 | 1 | 0) 
P000974;-3,04;0,57;6;0,17;Sim/A/A02;-3,12;0,9;3;0;Sim/A/A02 Sim/A/A06 Sim/B/B01 ;-3,12 (0,9 | 3 | 0) -3,04 (137,96 | 1 | 0) -3,04 (1648,51 | 1 | 0) 
P000975;-4,14;0,81;6;0;Sim/A/A02;-3,06;0,78;3;0;;
P000976;0,33;0,23;4;0,5;;;;;;Sim/B/B03 Sim/C/C03 ;0,3 (0,58 | 1 | 0) 0,27 (0,45 | 1 | 0) 
P000977;-3,04;0,57;6;0,17;Sim/A/A02;-3,12;0,9;3;0;Sim/A/A02 Sim/A/A06 Sim/B/B01 ;-3,12 (0,9 | 3 | 0) -3,04 (137,96 | 1 | 0) -3,04 (1648,51 | 1 | 0) 
P000978;-0,47;0,18;5;0,4;;;;;;Sim/B/B01 Sim/B/B02 Sim/C/C01 ;-0,48 (0,84 | 1 | 0) -0,52 (0,38 | 1 | 0) -0,51 (0,42 | 1 | 0) 
P000979;1,6;0,34;5;0,6;;;;;;Sim/B/B02 ;1,5 (0,63 | 2 | 0) 
P000980;0,58;0,18;5;0,6;;;;;;Sim/B/B03 ;0,47 (0,41 | 1 | 0) 
P000981;-2,09;0,33;6;0,33;Sim/A/A02;-2,16;0,4;3;0,33;Sim/A/A02 Sim/A/A06 Sim/B/B01 ;-2,16 (0,4 | 3 | 0,33) -2,09 (9,77 | 1 | 0) -2,09 (96,87 | 1 | 0) 
P000982;-3,04;0,57;6;0,17;Sim/A/A02;-3,12;0,9;3;0;Sim/A/A02 Sim/A/A06 Sim/B/B01 ;-3,12 (0,9 | 3 | 0) -3,04 (137,96 | 1 | 0) -3,04 (1648,51 | 1 | 0) 
P000983;1,6;0,34;5;0,6;;;;;;Sim/B/B02 ;1,5 (0,63 | 2 | 0) 
P000984;2,36;0,35;6;0,67;;;;;;Sim/B/B04 ;2,28 (0,58 | 2 | 0) 
P000985;-2,53;0,28;6;0,17;Sim/A/A02;-2,16;0,4;3;0,33;Sim/A/A05 Sim/A/A06 Sim/B/B01 ;-2,67 (0,44 | 1 | 0) -2,53 (33,94 | 1 | 0) -2,53 (367,56 | 1 | 0) 
P000986;-0,17;0,22;4;0,5;;;;;;Sim/A/A04 Sim/B/B01 ;-0,36 (0,64 | 1 | 0) -0,22 (0,45 | 1 | 0) 
P000987;0,7;0,19;5;0,6;;;;;;Sim/B/B03 ;0,27 (0,55 | 2 | 0) 
P000988;-1,37;0,24;6;0,5;Sim/A/A02;-1,49;0,3;3;0,67;Sim/A/A02 Sim/A/A06 Sim/B/B01 ;-1,49 (0,3 | 3 | 0,67) -1,37 (1,37 | 1 | 0) -1,37 (11,45 | 1 | 0) 
P000989;2,36;0,35;6;0,67;;;;;;Sim/B/B04 ;2,28 (0,58 | 2 | 0) 
P000990;3,07;0,31;6;0,83;;;;;;Sim/C/C10 ;3 (0,52 | 1 | 0) 
P000991;-3,04;0,57;6;0,17;Sim/A/A02;-3,12;0,9;3;0;Sim/A/A02 Sim/A/A06 Sim/B/B01 ;-3,12 (0,9 | 3 | 0) -3,04 (137,96 | 1 | 0) -3,04 (1648,51 | 1 | 0) 
P000992;1,9;0,32;6;0,67;Sim/B/B02;1,87;0,35;3;0,33;Sim/B/B02 ;1,87 (0,35 | 3 | 0,33) 
P000993;0,33;0,23;4;0,5;;;;;;Sim/B/B03 Sim/C/C03 ;0,3 (0,58 | 1 | 0) 0,27 (0,45 | 1 | 0) 
P000994;1,2;0,2;6;0,67;Sim/B/B03;0,9;0,3;3;0,33;Sim/B/B03 ;0,9 (0,3 | 3 | 0,33) 
P000995;-1,37;0,24;6;0,5;Sim/A/A02;-1,49;0,3;3;0,67;Sim/A/A02 Sim/A/A06 Sim/B/B01 ;-1,49 (0,3 | 3 | 0,67) -1,37 (1,37 | 1 | 0) -1,37 (11,45 | 1 | 0) 
P000996;3,77;0,65;6;1;;;;;;;
P000997;3,77;0,65;6;1;;;;;;;
P000998;-4,14;0,81;6;0;Sim/A/A02;-3,06;0,78;3;0;;
P000999;2,36;0,35;6;0,67;;;;;;Sim/B/B04 ;2,28 (0,58 | 2 | 0) 